unit_price,quantity,store_city,churn
191.43,1,Karachi,0
21.55,3,Islamabad,1
54.06,4,Multan,0
11.97,3,Faisalabad,1
129.5,9,Islamabad,0
111.11,8,Multan,0
57.31,1,Karachi,0
75.98,6,Faisalabad,0
87.6,9,Lahore,0
114.3,4,Lahore,0
9.65,6,Lahore,0
31.66,9,Islamabad,0
199.74,9,Lahore,0
199.06,8,Faisalabad,0
148.21,6,Multan,0
73.99,8,Lahore,0
191.21,7,Faisalabad,0
132.71,4,Faisalabad,0
59.42,8,Multan,0
105.5,6,Faisalabad,0
180.44,8,Islamabad,0
115.7,9,Faisalabad,0
99.89,4,Islamabad,0
163.86,3,Multan,0
57.29,8,Islamabad,0
64.14,9,Multan,0
105.96,10,Multan,0
84.3,4,Faisalabad,0
104.82,10,Karachi,0
157.93,6,Karachi,0
181.99,4,Karachi,0
16.46,1,Islamabad,1
120.38,2,Multan,0
31.62,5,Lahore,0
165.83,1,Faisalabad,0
180.1,1,Karachi,0
75.66,3,Lahore,0
136.19,2,Karachi,0
191.14,1,Karachi,0
147.24,1,Islamabad,0
54.86,3,Lahore,0
107.0,1,Faisalabad,0
119.94,4,Lahore,0
194.31,1,Islamabad,0
188.0,2,Islamabad,0
70.76,1,Islamabad,0
92.49,10,Karachi,0
180.89,7,Multan,0
142.54,8,Lahore,0
23.22,6,Karachi,0
9.72,3,Multan,1
119.07,7,Faisalabad,0
105.39,3,Islamabad,0
55.52,10,Faisalabad,0
132.4,9,Lahore,0
135.76,5,Karachi,0
30.68,3,Karachi,1
93.41,4,Multan,0
183.7,1,Lahore,0
50.33,8,Karachi,0
53.9,10,Lahore,0
126.71,10,Islamabad,0
55.04,7,Islamabad,0
107.61,1,Lahore,0
11.92,7,Lahore,0
26.68,2,Lahore,1
24.87,1,Lahore,1
151.36,2,Lahore,0
9.77,8,Faisalabad,0
65.4,7,Lahore,0
138.51,4,Faisalabad,0
87.99,1,Multan,0
120.31,7,Multan,0
118.36,2,Faisalabad,0
76.41,9,Karachi,0
124.05,5,Islamabad,0
65.11,7,Karachi,0
25.48,4,Karachi,1
163.35,1,Faisalabad,0
129.27,8,Lahore,0
178.46,10,Karachi,0
6.04,1,Islamabad,1
64.64,2,Lahore,0
152.22,4,Karachi,0
116.45,7,Faisalabad,0
32.23,6,Faisalabad,0
178.1,5,Karachi,0
28.98,10,Islamabad,0
129.99,4,Karachi,0
9.81,8,Karachi,0
146.09,8,Islamabad,0
74.73,8,Lahore,0
160.75,5,Faisalabad,0
107.63,8,Faisalabad,0
186.75,5,Faisalabad,0
50.17,8,Multan,0
55.58,7,Karachi,0
119.25,10,Karachi,0
18.88,3,Multan,1
33.57,7,Karachi,0
160.72,1,Lahore,0
194.91,7,Lahore,0
143.14,6,Faisalabad,0
38.64,5,Karachi,0
35.42,7,Karachi,0
69.12,4,Multan,0
55.17,3,Faisalabad,0
189.74,4,Faisalabad,0
175.52,6,Multan,0
147.14,8,Faisalabad,0
145.18,10,Faisalabad,0
176.95,3,Faisalabad,0
104.48,8,Islamabad,0
83.96,7,Faisalabad,0
75.22,9,Islamabad,0
144.09,2,Lahore,0
108.91,4,Faisalabad,0
164.18,7,Karachi,0
66.02,9,Faisalabad,0
131.77,2,Karachi,0
83.57,4,Multan,0
123.26,4,Karachi,0
81.05,9,Lahore,0
58.51,10,Multan,0
42.34,10,Lahore,0
6.65,7,Faisalabad,0
54.47,10,Lahore,0
96.08,4,Karachi,0
73.3,8,Multan,0
168.25,2,Multan,0
99.58,6,Faisalabad,0
57.05,9,Faisalabad,0
10.37,2,Multan,1
152.02,3,Faisalabad,0
54.78,3,Karachi,0
36.7,7,Faisalabad,0
136.76,3,Karachi,0
60.12,8,Karachi,0
76.46,9,Faisalabad,0
115.04,4,Islamabad,0
102.16,3,Faisalabad,0
139.48,5,Karachi,0
55.31,6,Islamabad,0
70.07,5,Faisalabad,0
106.03,2,Multan,0
128.5,7,Multan,0
108.44,3,Multan,0
127.62,5,Karachi,0
50.42,8,Multan,0
50.26,5,Karachi,0
191.76,2,Faisalabad,0
172.04,4,Islamabad,0
74.44,6,Faisalabad,0
75.73,8,Faisalabad,0
174.53,8,Lahore,0
184.74,8,Lahore,0
186.28,6,Lahore,0
24.41,4,Faisalabad,1
41.96,6,Lahore,0
74.44,3,Lahore,0
57.38,9,Faisalabad,0
83.05,6,Islamabad,0
176.32,10,Multan,0
118.27,6,Faisalabad,0
151.45,5,Multan,0
126.38,2,Islamabad,0
65.17,8,Lahore,0
55.29,6,Faisalabad,0
97.94,3,Islamabad,0
192.33,3,Karachi,0
25.33,3,Islamabad,1
20.02,7,Karachi,0
110.82,4,Multan,0
81.03,5,Faisalabad,0
129.37,3,Islamabad,0
66.69,8,Karachi,0
194.29,4,Islamabad,0
53.94,7,Islamabad,0
53.78,6,Lahore,0
53.06,4,Multan,0
14.14,6,Multan,0
17.03,3,Lahore,1
170.91,7,Faisalabad,0
156.87,3,Islamabad,0
106.98,2,Islamabad,0
131.4,10,Faisalabad,0
49.41,1,Faisalabad,1
154.48,8,Multan,0
174.92,9,Multan,0
121.52,10,Multan,0
110.02,8,Faisalabad,0
168.95,8,Lahore,0
85.3,9,Faisalabad,0
14.0,2,Faisalabad,1
199.08,3,Karachi,0
187.79,9,Lahore,0
20.08,5,Faisalabad,0
160.6,1,Islamabad,0
25.66,6,Lahore,0
38.76,3,Faisalabad,1
135.6,2,Islamabad,0
194.44,8,Karachi,0
172.35,8,Lahore,0
17.6,3,Multan,1
10.92,9,Multan,0
16.76,4,Multan,1
184.12,9,Islamabad,0
137.96,4,Lahore,0
77.45,1,Lahore,0
110.33,4,Karachi,0
95.94,1,Multan,0
46.97,7,Islamabad,0
126.42,7,Multan,0
103.88,3,Multan,0
25.56,3,Lahore,1
38.83,4,Islamabad,1
71.42,3,Faisalabad,0
30.43,6,Islamabad,0
163.24,9,Karachi,0
97.19,5,Multan,0
154.24,5,Lahore,0
87.03,3,Multan,0
133.35,1,Multan,0
112.59,4,Lahore,0
42.9,10,Karachi,0
130.79,1,Islamabad,0
142.02,8,Multan,0
14.32,4,Lahore,1
121.63,1,Lahore,0
199.44,3,Multan,0
183.81,2,Faisalabad,0
127.77,4,Lahore,0
165.7,5,Multan,0
115.94,7,Faisalabad,0
135.21,1,Faisalabad,0
63.0,2,Islamabad,0
189.13,1,Lahore,0
86.62,5,Multan,0
146.94,10,Multan,0
150.8,4,Faisalabad,0
155.58,3,Faisalabad,0
174.93,6,Faisalabad,0
97.28,5,Multan,0
42.22,8,Faisalabad,0
42.47,8,Multan,0
70.86,2,Lahore,0
77.05,8,Lahore,0
154.87,10,Lahore,0
138.02,5,Lahore,0
109.38,5,Karachi,0
7.46,1,Lahore,1
198.3,1,Islamabad,0
109.01,6,Faisalabad,0
19.04,8,Karachi,0
60.11,10,Lahore,0
46.39,3,Multan,1
155.38,2,Multan,0
92.21,5,Karachi,0
101.63,4,Lahore,0
115.16,4,Lahore,0
125.57,6,Multan,0
125.08,7,Multan,0
84.32,4,Multan,0
17.07,4,Lahore,1
188.93,7,Faisalabad,0
28.28,8,Faisalabad,0
82.03,7,Islamabad,0
46.95,4,Karachi,1
108.86,2,Multan,0
189.4,1,Karachi,0
80.51,7,Faisalabad,0
50.13,5,Karachi,0
76.07,6,Multan,0
188.7,8,Multan,0
18.71,8,Lahore,0
59.53,1,Faisalabad,0
13.14,3,Lahore,1
67.73,9,Karachi,0
125.07,5,Karachi,0
130.09,9,Karachi,0
137.27,3,Faisalabad,0
142.92,1,Islamabad,0
104.74,5,Faisalabad,0
14.17,9,Islamabad,0
153.93,2,Multan,0
75.11,10,Islamabad,0
75.87,5,Faisalabad,0
179.71,9,Multan,0
193.61,1,Karachi,0
71.38,1,Islamabad,0
136.13,9,Karachi,0
173.12,2,Multan,0
103.79,7,Faisalabad,0
86.79,3,Lahore,0
124.67,1,Multan,0
153.18,6,Lahore,0
62.48,1,Lahore,0
115.35,4,Faisalabad,0
17.34,6,Karachi,0
186.22,2,Lahore,0
50.5,4,Karachi,0
6.22,7,Karachi,0
102.54,5,Multan,0
132.07,1,Multan,0
105.9,9,Faisalabad,0
88.28,3,Lahore,0
88.24,8,Islamabad,0
15.3,10,Lahore,0
105.7,8,Faisalabad,0
121.85,8,Lahore,0
101.64,3,Islamabad,0
33.4,5,Lahore,0
195.6,7,Multan,0
127.89,8,Faisalabad,0
95.56,7,Faisalabad,0
57.54,4,Islamabad,0
151.38,1,Faisalabad,0
126.2,1,Faisalabad,0
63.94,1,Multan,0
98.07,5,Islamabad,0
53.19,8,Islamabad,0
106.78,10,Faisalabad,0
181.95,4,Multan,0
170.28,3,Faisalabad,0
61.18,6,Faisalabad,0
26.4,4,Faisalabad,1
27.85,10,Faisalabad,0
126.72,8,Karachi,0
192.82,7,Faisalabad,0
125.18,6,Multan,0
73.02,3,Lahore,0
134.59,3,Faisalabad,0
92.97,3,Faisalabad,0
56.47,6,Multan,0
183.71,5,Islamabad,0
135.71,1,Faisalabad,0
120.5,4,Faisalabad,0
24.76,1,Islamabad,1
67.89,6,Faisalabad,0
39.83,6,Karachi,0
107.74,8,Faisalabad,0
125.9,4,Faisalabad,0
177.59,10,Karachi,0
72.19,5,Faisalabad,0
32.3,1,Karachi,1
69.32,8,Multan,0
194.26,8,Multan,0
44.7,10,Islamabad,0
37.36,5,Faisalabad,0
115.78,8,Faisalabad,0
153.72,2,Multan,0
46.65,6,Lahore,0
75.53,6,Lahore,0
179.47,9,Multan,0
48.87,10,Faisalabad,0
51.44,5,Multan,0
44.69,3,Karachi,1
84.12,8,Islamabad,0
131.63,4,Multan,0
185.37,8,Multan,0
6.29,3,Lahore,1
198.69,4,Karachi,0
126.13,8,Lahore,0
149.53,5,Faisalabad,0
125.28,1,Karachi,0
75.12,2,Islamabad,0
11.96,6,Faisalabad,0
79.19,2,Faisalabad,0
39.29,8,Karachi,0
57.05,8,Multan,0
19.57,9,Islamabad,0
60.86,1,Multan,0
178.61,4,Karachi,0
86.31,3,Lahore,0
119.44,8,Lahore,0
172.16,6,Faisalabad,0
157.79,3,Lahore,0
171.43,6,Islamabad,0
161.85,2,Lahore,0
35.3,4,Karachi,1
68.02,5,Karachi,0
77.74,2,Multan,0
162.98,10,Lahore,0
73.51,7,Lahore,0
65.5,1,Karachi,0
71.39,3,Karachi,0
172.91,1,Lahore,0
194.51,8,Faisalabad,0
136.98,8,Islamabad,0
62.93,3,Karachi,0
6.35,2,Lahore,1
73.69,3,Islamabad,0
156.34,9,Lahore,0
22.42,4,Multan,1
146.58,4,Islamabad,0
197.84,3,Faisalabad,0
45.95,1,Islamabad,1
88.69,8,Multan,0
72.24,3,Multan,0
191.42,1,Lahore,0
138.5,7,Lahore,0
87.11,4,Islamabad,0
125.0,2,Karachi,0
105.32,10,Multan,0
39.57,10,Karachi,0
109.74,6,Lahore,0
103.01,4,Faisalabad,0
136.28,8,Karachi,0
66.16,1,Islamabad,0
25.86,1,Multan,1
27.83,5,Islamabad,0
113.16,6,Faisalabad,0
49.2,3,Lahore,1
192.16,3,Faisalabad,0
34.45,2,Islamabad,1
153.96,8,Karachi,0
26.54,1,Karachi,1
167.62,4,Faisalabad,0
5.35,7,Islamabad,0
170.26,3,Islamabad,0
171.37,5,Multan,0
50.4,9,Islamabad,0
65.25,7,Faisalabad,0
99.3,7,Islamabad,0
197.15,3,Faisalabad,0
62.45,10,Faisalabad,0
107.79,10,Islamabad,0
110.15,10,Karachi,0
54.81,7,Multan,0
94.71,2,Multan,0
110.51,9,Islamabad,0
35.73,4,Islamabad,1
163.88,4,Lahore,0
89.5,9,Lahore,0
103.98,3,Karachi,0
65.05,8,Lahore,0
151.97,2,Islamabad,0
137.47,4,Multan,0
13.3,9,Karachi,0
180.05,9,Islamabad,0
50.41,3,Faisalabad,0
159.34,4,Multan,0
196.74,4,Multan,0
179.72,9,Islamabad,0
123.08,3,Karachi,0
130.97,7,Multan,0
182.51,1,Karachi,0
157.69,4,Multan,0
68.16,5,Karachi,0
96.15,3,Faisalabad,0
14.29,6,Islamabad,0
194.94,8,Islamabad,0
136.71,5,Karachi,0
145.32,1,Faisalabad,0
132.33,3,Faisalabad,0
139.5,8,Lahore,0
87.29,5,Karachi,0
133.16,3,Karachi,0
86.75,2,Multan,0
118.35,1,Karachi,0
76.39,10,Multan,0
97.86,10,Multan,0
69.31,1,Karachi,0
45.06,9,Multan,0
10.94,1,Islamabad,1
54.78,1,Multan,0
8.87,6,Islamabad,0
25.73,3,Faisalabad,1
6.74,4,Lahore,1
181.21,7,Multan,0
174.4,10,Islamabad,0
24.92,10,Lahore,0
14.2,4,Lahore,1
126.75,1,Lahore,0
191.35,10,Lahore,0
130.83,5,Islamabad,0
139.82,4,Lahore,0
116.16,4,Karachi,0
75.16,3,Lahore,0
46.63,5,Karachi,0
21.48,10,Islamabad,0
132.39,5,Multan,0
156.17,5,Karachi,0
154.2,2,Faisalabad,0
102.69,3,Multan,0
115.47,5,Multan,0
87.35,10,Faisalabad,0
178.06,2,Multan,0
41.38,10,Lahore,0
185.02,3,Karachi,0
94.99,10,Lahore,0
98.56,3,Faisalabad,0
42.09,6,Multan,0
132.15,7,Lahore,0
25.35,6,Islamabad,0
90.24,4,Multan,0
55.47,6,Karachi,0
147.38,1,Karachi,0
27.45,5,Karachi,0
158.92,9,Lahore,0
45.23,2,Karachi,1
10.26,7,Karachi,0
86.08,10,Faisalabad,0
127.21,1,Karachi,0
38.72,4,Lahore,1
20.75,5,Multan,0
184.09,5,Karachi,0
155.73,3,Multan,0
63.88,10,Karachi,0
39.43,1,Karachi,1
135.28,8,Faisalabad,0
8.43,10,Karachi,0
169.06,4,Islamabad,0
136.08,4,Islamabad,0
157.62,2,Lahore,0
192.3,2,Faisalabad,0
198.33,5,Faisalabad,0
198.62,5,Multan,0
126.46,6,Faisalabad,0
47.71,4,Lahore,1
172.05,8,Karachi,0
99.82,6,Karachi,0
94.55,7,Faisalabad,0
146.51,4,Multan,0
84.48,1,Multan,0
193.59,5,Karachi,0
92.88,5,Faisalabad,0
197.39,3,Lahore,0
174.48,1,Islamabad,0
109.43,3,Faisalabad,0
176.62,10,Karachi,0
136.84,3,Karachi,0
16.64,4,Karachi,1
165.84,5,Multan,0
154.06,3,Lahore,0
102.11,6,Karachi,0
142.54,9,Multan,0
170.99,2,Faisalabad,0
61.09,1,Lahore,0
155.23,1,Lahore,0
188.05,4,Faisalabad,0
176.89,8,Faisalabad,0
192.05,1,Karachi,0
65.41,9,Multan,0
131.75,9,Lahore,0
164.93,2,Faisalabad,0
94.93,3,Multan,0
38.86,10,Lahore,0
144.7,2,Multan,0
41.44,6,Karachi,0
124.18,10,Islamabad,0
127.41,7,Islamabad,0
195.36,10,Multan,0
127.58,2,Multan,0
53.71,10,Islamabad,0
142.19,1,Lahore,0
175.51,1,Lahore,0
75.48,1,Faisalabad,0
82.67,3,Karachi,0
120.8,7,Karachi,0
67.76,9,Multan,0
52.97,5,Islamabad,0
71.73,5,Faisalabad,0
147.04,4,Islamabad,0
112.34,10,Karachi,0
151.14,10,Karachi,0
84.59,7,Faisalabad,0
124.47,10,Islamabad,0
86.41,1,Islamabad,0
10.47,3,Multan,1
130.84,4,Lahore,0
189.91,2,Multan,0
74.03,6,Karachi,0
26.66,5,Lahore,0
188.28,3,Islamabad,0
56.26,9,Multan,0
172.71,9,Islamabad,0
62.33,6,Multan,0
154.1,9,Faisalabad,0
89.3,7,Karachi,0
82.04,9,Lahore,0
25.77,7,Faisalabad,0
154.37,10,Karachi,0
150.22,7,Faisalabad,0
125.51,5,Faisalabad,0
8.85,8,Multan,0
75.23,7,Lahore,0
123.2,2,Karachi,0
38.64,5,Karachi,0
61.92,1,Faisalabad,0
156.74,7,Lahore,0
165.89,7,Multan,0
57.36,7,Faisalabad,0
57.76,5,Lahore,0
173.92,1,Lahore,0
9.28,3,Islamabad,1
158.03,10,Lahore,0
152.68,6,Faisalabad,0
119.4,1,Karachi,0
24.95,7,Karachi,0
79.03,3,Islamabad,0
44.2,7,Karachi,0
136.22,7,Faisalabad,0
71.43,4,Faisalabad,0
189.79,9,Faisalabad,0
83.16,5,Multan,0
183.38,7,Faisalabad,0
51.23,8,Islamabad,0
45.7,8,Faisalabad,0
10.47,9,Islamabad,0
182.47,6,Lahore,0
116.82,7,Karachi,0
21.23,3,Lahore,1
71.74,9,Lahore,0
132.77,2,Karachi,0
102.65,9,Faisalabad,0
70.83,3,Lahore,0
49.71,5,Multan,0
99.82,8,Faisalabad,0
128.31,9,Islamabad,0
59.88,3,Faisalabad,0
91.8,7,Multan,0
82.71,4,Multan,0
67.72,7,Islamabad,0
91.62,5,Islamabad,0
130.08,1,Lahore,0
156.71,9,Multan,0
192.68,10,Multan,0
89.3,9,Lahore,0
161.22,3,Islamabad,0
118.1,4,Multan,0
19.61,9,Faisalabad,0
6.45,9,Lahore,0
198.72,2,Multan,0
131.2,3,Faisalabad,0
40.06,10,Islamabad,0
173.15,6,Lahore,0
118.56,1,Multan,0
118.87,8,Karachi,0
79.22,3,Lahore,0
53.03,2,Faisalabad,0
46.18,4,Karachi,1
64.48,2,Islamabad,0
89.63,2,Lahore,0
142.6,4,Faisalabad,0
115.56,4,Faisalabad,0
128.19,4,Karachi,0
31.8,9,Karachi,0
76.41,4,Lahore,0
74.57,8,Islamabad,0
163.16,3,Faisalabad,0
152.1,9,Islamabad,0
111.06,2,Karachi,0
107.46,3,Islamabad,0
113.46,4,Lahore,0
52.36,7,Faisalabad,0
61.23,5,Karachi,0
90.19,8,Lahore,0
192.06,6,Multan,0
192.83,2,Lahore,0
188.44,7,Multan,0
77.66,7,Faisalabad,0
187.28,2,Karachi,0
102.17,8,Karachi,0
158.71,3,Lahore,0
149.29,7,Islamabad,0
167.83,10,Islamabad,0
121.5,10,Multan,0
94.37,7,Faisalabad,0
141.65,3,Multan,0
125.68,4,Lahore,0
129.22,2,Karachi,0
14.51,2,Faisalabad,1
111.29,8,Lahore,0
66.12,3,Karachi,0
9.64,7,Multan,0
33.98,9,Islamabad,0
155.66,2,Karachi,0
41.54,4,Lahore,1
27.6,1,Lahore,1
70.54,9,Multan,0
34.06,1,Multan,1
144.45,4,Lahore,0
112.08,4,Faisalabad,0
14.65,9,Faisalabad,0
64.11,8,Multan,0
188.1,3,Multan,0
51.56,6,Karachi,0
98.47,10,Karachi,0
152.67,2,Lahore,0
79.68,10,Faisalabad,0
25.16,8,Karachi,0
192.87,9,Multan,0
49.1,1,Faisalabad,1
90.53,6,Multan,0
90.32,8,Islamabad,0
30.83,10,Islamabad,0
118.51,8,Islamabad,0
176.9,2,Karachi,0
170.79,7,Karachi,0
67.35,5,Karachi,0
45.19,3,Islamabad,1
130.38,6,Lahore,0
23.0,10,Karachi,0
165.43,3,Multan,0
159.76,4,Karachi,0
177.23,5,Multan,0
36.23,1,Faisalabad,1
73.25,2,Islamabad,0
101.58,8,Lahore,0
153.04,10,Karachi,0
153.08,4,Faisalabad,0
145.73,6,Lahore,0
115.34,10,Faisalabad,0
71.99,5,Islamabad,0
184.33,4,Karachi,0
19.14,9,Faisalabad,0
111.99,3,Islamabad,0
75.55,8,Multan,0
6.74,10,Islamabad,0
142.38,10,Lahore,0
57.76,5,Lahore,0
134.41,1,Faisalabad,0
29.6,7,Karachi,0
196.22,6,Faisalabad,0
66.76,5,Islamabad,0
101.53,5,Faisalabad,0
59.9,2,Faisalabad,0
32.06,2,Faisalabad,1
113.61,5,Multan,0
170.53,7,Karachi,0
127.26,1,Lahore,0
44.0,3,Faisalabad,1
145.29,1,Lahore,0
164.85,9,Lahore,0
129.46,9,Karachi,0
157.62,5,Multan,0
161.94,3,Lahore,0
108.8,8,Lahore,0
169.14,5,Faisalabad,0
190.39,2,Lahore,0
100.59,4,Islamabad,0
58.1,1,Karachi,0
115.09,9,Islamabad,0
79.06,9,Karachi,0
72.54,6,Lahore,0
54.38,1,Islamabad,0
83.91,10,Multan,0
51.5,2,Faisalabad,0
8.32,9,Faisalabad,0
69.91,8,Islamabad,0
154.72,5,Multan,0
68.24,3,Multan,0
168.78,7,Islamabad,0
14.96,6,Multan,0
180.93,9,Faisalabad,0
180.17,5,Lahore,0
20.31,3,Islamabad,1
115.09,6,Multan,0
101.4,10,Islamabad,0
138.58,8,Islamabad,0
28.52,9,Multan,0
156.31,5,Islamabad,0
25.47,10,Multan,0
174.96,10,Karachi,0
180.76,10,Faisalabad,0
146.58,1,Karachi,0
194.9,7,Lahore,0
67.81,8,Multan,0
60.62,8,Islamabad,0
193.13,7,Islamabad,0
6.66,9,Faisalabad,0
52.18,4,Multan,0
91.95,10,Multan,0
146.15,4,Karachi,0
176.84,9,Lahore,0
82.38,7,Lahore,0
120.39,7,Islamabad,0
154.79,7,Faisalabad,0
128.19,1,Islamabad,0
25.68,9,Islamabad,0
62.33,1,Karachi,0
182.69,1,Islamabad,0
168.26,5,Faisalabad,0
141.63,7,Lahore,0
33.95,10,Karachi,0
130.63,8,Multan,0
92.27,3,Lahore,0
89.38,8,Multan,0
112.74,2,Karachi,0
89.64,7,Islamabad,0
57.74,4,Multan,0
148.36,2,Karachi,0
133.3,4,Karachi,0
155.15,8,Karachi,0
84.41,3,Multan,0
119.1,2,Islamabad,0
86.07,8,Multan,0
114.72,5,Karachi,0
198.31,4,Karachi,0
97.41,9,Karachi,0
31.59,9,Faisalabad,0
97.5,7,Islamabad,0
38.32,4,Islamabad,1
81.47,1,Faisalabad,0
164.52,4,Faisalabad,0
105.2,9,Lahore,0
99.89,9,Lahore,0
142.06,10,Karachi,0
77.43,1,Karachi,0
30.06,10,Lahore,0
95.4,8,Karachi,0
175.36,10,Islamabad,0
5.02,10,Islamabad,0
148.53,9,Lahore,0
43.01,5,Faisalabad,0
41.09,4,Faisalabad,1
146.34,5,Multan,0
143.23,10,Multan,0
15.8,6,Karachi,0
77.27,7,Islamabad,0
197.29,8,Islamabad,0
156.0,5,Lahore,0
181.89,10,Faisalabad,0
37.42,8,Islamabad,0
28.1,8,Faisalabad,0
31.92,6,Multan,0
101.72,4,Islamabad,0
114.96,1,Karachi,0
123.39,2,Karachi,0
9.04,3,Multan,1
182.92,6,Multan,0
74.51,2,Faisalabad,0
137.75,4,Faisalabad,0
185.65,5,Lahore,0
126.04,1,Lahore,0
142.29,4,Islamabad,0
89.32,7,Lahore,0
41.02,7,Faisalabad,0
194.31,3,Faisalabad,0
197.33,7,Lahore,0
45.23,2,Multan,1
85.56,2,Karachi,0
23.46,4,Faisalabad,1
40.85,4,Lahore,1
183.49,1,Islamabad,0
169.33,1,Multan,0
188.27,4,Lahore,0
167.48,3,Karachi,0
54.15,10,Multan,0
191.54,10,Faisalabad,0
137.0,7,Lahore,0
22.74,4,Faisalabad,1
90.94,2,Islamabad,0
194.88,2,Multan,0
128.2,7,Islamabad,0
33.97,9,Karachi,0
167.27,9,Faisalabad,0
154.18,3,Islamabad,0
34.39,6,Faisalabad,0
120.63,3,Karachi,0
143.04,8,Multan,0
53.18,7,Islamabad,0
40.19,7,Multan,0
177.76,6,Karachi,0
63.47,8,Islamabad,0
153.94,7,Islamabad,0
60.03,5,Karachi,0
135.42,5,Islamabad,0
156.14,10,Faisalabad,0
14.75,10,Faisalabad,0
196.37,2,Multan,0
85.42,6,Karachi,0
55.74,6,Multan,0
179.52,6,Islamabad,0
52.96,2,Multan,0
145.37,2,Faisalabad,0
194.97,3,Lahore,0
84.37,8,Multan,0
77.92,9,Karachi,0
133.83,7,Islamabad,0
184.83,2,Multan,0
19.03,3,Faisalabad,1
51.62,9,Islamabad,0
182.72,9,Faisalabad,0
130.79,4,Islamabad,0
161.08,8,Multan,0
197.6,1,Islamabad,0
107.26,4,Karachi,0
67.29,10,Islamabad,0
109.22,6,Karachi,0
90.36,2,Islamabad,0
87.48,10,Lahore,0
34.9,9,Lahore,0
185.76,4,Multan,0
141.05,4,Faisalabad,0
63.93,9,Multan,0
72.13,10,Karachi,0
39.05,6,Multan,0
77.3,7,Islamabad,0