record_id,region_index,channel_score,name_metric
REC-0,57.03,38.18,25.36
REC-1,27.73,21.19,31.26
REC-2,90.88,45.12,12.14
REC-3,61.71,37.13,37.3
REC-4,52.83,30.06,35.48
REC-5,63.56,32.17,-15.26
REC-6,49.61,16.34,8.61
REC-7,73.59,41.94,27.73
REC-8,92.8,57.35,14.51
REC-9,11.73,-6.28,38.4
REC-10,28.44,8.46,31.73
REC-11,74.98,33.68,-14.27
REC-12,24.27,7.74,-39.49
REC-13,52.47,25.61,-8.46
REC-14,18.54,-0.57,-37.37
REC-15,87.28,59.79,4.77
REC-16,12.38,-3.1,-30.43
REC-17,31.66,5.72,-17.97
REC-18,20.29,2.96,12.3
REC-19,45.78,26.67,-11.36
REC-20,53.9,40.89,-15.36
REC-21,7.02,3.65,-9.67
REC-22,78.05,35.16,29.82
REC-23,1.48,2.16,-4.51
REC-24,31.53,30.59,16.17
REC-25,16.32,9.64,8.98
REC-26,3.35,-10.37,8.14
REC-27,72.95,42.65,-6.24
REC-28,50.69,23.23,30.12
REC-29,96.18,57.17,-38.36
REC-30,39.71,32.92,-14.0
REC-31,10.56,-3.11,16.93
REC-32,62.2,30.9,9.89
REC-33,76.07,59.63,26.5
REC-34,43.4,35.33,34.03
REC-35,86.89,59.65,6.93
REC-36,51.14,41.19,10.01
REC-37,72.12,35.11,-32.63
REC-38,27.04,18.73,5.84
REC-39,19.86,2.57,36.01
REC-40,7.15,17.08,21.76
REC-41,57.37,49.29,14.38
REC-42,0.68,13.58,-6.93
REC-43,91.66,64.41,-28.95
REC-44,3.97,-11.99,22.45
REC-45,79.14,39.32,-30.98
REC-46,36.65,30.97,19.26
REC-47,86.71,66.07,20.38
REC-48,83.56,35.63,-39.48
REC-49,86.25,55.31,-13.85
REC-50,12.82,2.67,-12.87
REC-51,49.57,28.24,-23.82
REC-52,8.21,-3.98,-29.74
REC-53,10.02,3.45,-29.59
REC-54,80.0,49.34,-3.19
REC-55,63.92,30.4,-38.13
REC-56,7.86,-0.17,-11.1
REC-57,25.26,9.35,26.7
REC-58,0.86,-1.01,-9.36
REC-59,28.2,23.66,-22.04
REC-60,4.23,-7.68,38.27
REC-61,34.58,9.26,37.67
REC-62,64.5,52.39,-13.49
REC-63,81.0,34.84,-21.0
REC-64,79.47,48.16,23.15
REC-65,38.59,34.44,-33.79
REC-66,62.35,28.07,-24.05
REC-67,88.31,50.89,25.0
REC-68,28.4,23.95,32.6
REC-69,62.69,29.65,13.46
REC-70,95.09,66.09,-4.48
REC-71,39.94,11.92,21.48
REC-72,15.83,1.05,-37.35
REC-73,16.4,6.35,-1.87
REC-74,17.52,8.25,20.65
REC-75,9.69,-5.12,1.79
REC-76,90.39,66.76,5.53
REC-77,9.16,16.71,39.42
REC-78,89.93,54.89,-9.39
REC-79,58.69,43.93,39.54
REC-80,49.36,29.82,-15.16
REC-81,54.01,33.72,-17.35
REC-82,45.83,39.96,-21.12
REC-83,25.38,9.37,28.68
REC-84,30.33,28.01,34.31
REC-85,87.57,61.67,-24.42
REC-86,45.04,36.72,-20.33
REC-87,60.17,47.23,34.68
REC-88,35.06,9.61,-37.52
REC-89,31.66,20.41,-17.56
REC-90,82.39,53.94,9.69
REC-91,82.69,44.47,12.0
REC-92,35.08,14.73,-30.83
REC-93,78.86,59.33,-37.51
REC-94,71.65,29.86,-6.59
REC-95,31.66,31.08,-5.36
REC-96,51.07,26.32,-19.63
REC-97,24.33,1.47,-38.85
REC-98,55.01,40.16,13.64
REC-99,25.93,30.21,-33.7
REC-100,43.17,20.91,-25.65
REC-101,96.1,64.11,-29.49
REC-102,17.7,19.92,-10.2
REC-103,30.15,11.99,-13.97
REC-104,58.88,29.68,7.36
REC-105,6.34,4.86,6.7
REC-106,31.98,30.21,34.26
REC-107,65.71,36.78,-26.73
REC-108,62.56,31.21,-26.8
REC-109,53.24,22.95,11.14
REC-110,75.97,30.93,10.61
REC-111,19.15,6.6,17.86
REC-112,96.53,52.34,20.36
REC-113,34.68,34.03,-26.1
REC-114,66.49,27.38,4.79
REC-115,74.31,56.98,21.23
REC-116,54.96,29.98,10.4
REC-117,64.84,42.24,17.12
REC-118,74.53,57.83,9.65
REC-119,87.61,59.78,-9.59
REC-120,80.25,44.11,26.29
REC-121,87.91,64.65,32.81
REC-122,69.24,41.49,-16.92
REC-123,63.91,50.12,-11.32
REC-124,21.05,20.34,32.76
REC-125,20.6,1.53,-31.02
REC-126,55.19,43.08,-20.19
REC-127,79.11,33.86,-23.26
REC-128,54.68,40.55,-0.5
REC-129,68.77,37.05,-9.8
REC-130,52.08,16.31,-23.96
REC-131,35.1,25.75,-24.26
REC-132,24.36,29.33,12.06
REC-133,41.09,33.15,17.19
REC-134,81.69,50.78,9.16
REC-135,9.69,3.67,-8.62
REC-136,25.6,11.31,30.88
REC-137,22.26,1.77,-13.22
REC-138,16.93,-4.14,33.03
REC-139,54.77,18.66,2.5
REC-140,17.42,9.95,35.6
REC-141,97.82,55.62,22.61
REC-142,49.29,16.98,-7.97
REC-143,81.03,56.95,17.85
REC-144,98.78,55.68,16.2
REC-145,81.83,61.83,29.64
REC-146,87.29,47.58,-9.77
REC-147,61.87,25.72,-15.36
REC-148,37.09,13.43,-25.18
REC-149,65.27,33.45,-35.42
REC-150,79.8,61.26,-22.1
REC-151,68.49,28.59,-22.35
REC-152,16.44,14.12,4.71
REC-153,82.18,54.1,20.42
REC-154,87.47,54.98,-21.97
REC-155,16.26,20.45,25.63
REC-156,64.57,52.3,24.72
REC-157,40.29,14.75,-5.87
REC-158,91.74,66.71,-39.51
REC-159,0.72,-1.17,32.79
REC-160,87.87,62.82,-34.48
REC-161,20.6,20.58,-4.76
REC-162,31.92,32.97,-38.57
REC-163,48.65,40.66,16.06
REC-164,88.84,46.47,4.85
REC-165,97.88,47.7,-5.59
REC-166,99.13,49.29,21.89
REC-167,74.9,37.67,39.19
REC-168,78.07,35.8,39.2
REC-169,88.27,52.34,-37.66
REC-170,78.43,49.6,19.54
REC-171,7.96,4.16,24.64
REC-172,72.84,33.9,-13.63
REC-173,45.43,26.03,39.16
REC-174,93.35,41.06,9.45
REC-175,13.75,19.19,2.22
REC-176,89.77,66.13,34.75
REC-177,16.88,-2.95,21.85
REC-178,46.53,36.24,-4.61
REC-179,41.48,31.91,-10.53
REC-180,49.63,26.71,14.0
REC-181,7.11,3.14,6.42
REC-182,68.5,53.16,-10.3
REC-183,96.15,63.78,-9.32
REC-184,56.18,29.57,12.22
REC-185,2.48,13.41,-11.25
REC-186,1.16,-11.72,-12.86
REC-187,26.3,25.91,-9.9
REC-188,91.65,48.33,-12.4
REC-189,95.13,67.84,34.92
REC-190,11.45,-6.07,15.58
REC-191,33.71,8.37,-32.6
REC-192,32.29,13.69,13.11
REC-193,98.93,49.43,23.51
REC-194,59.42,46.65,39.35
REC-195,91.61,43.92,19.1
REC-196,77.39,42.85,-37.45
REC-197,76.02,49.44,20.8
REC-198,75.59,52.41,-36.53
REC-199,94.13,70.15,-11.79
