order_id,order_date,store_city,product_category,unit_price,quantity,sales_amount,profit
ORD-0,2024-01-01,Karachi,Electronics,10,2,20,5
ORD-1,2024-01-01,Karachi,Electronics,10,2,20,5
ORD-2,2024-01-01,Karachi,Electronics,10,2,20,5
ORD-3,2024-01-01,Karachi,Electronics,10,2,20,5
ORD-4,2024-01-01,Karachi,Electronics,10,2,20,5
ORD-5,2024-01-01,Karachi,Electronics,10,2,20,5
ORD-6,2024-01-01,Karachi,Electronics,10,2,20,5
ORD-7,2024-01-01,Karachi,Electronics,10,2,20,5
ORD-8,2024-01-01,Karachi,Electronics,10,2,20,5
ORD-9,2024-01-01,Karachi,Electronics,10,2,20,5
ORD-10,2024-01-01,Karachi,Electronics,10,2,20,5
ORD-11,2024-01-01,Karachi,Electronics,10,2,20,5
ORD-12,2024-01-01,Karachi,Electronics,10,2,20,5
ORD-13,2024-01-01,Karachi,Electronics,10,2,20,5
ORD-14,2024-01-01,Karachi,Electronics,10,2,20,5
ORD-15,2024-01-01,Karachi,Electronics,10,2,20,5
ORD-16,2024-01-01,Karachi,Electronics,10,2,20,5
ORD-17,2024-01-01,Karachi,Electronics,10,2,20,5
ORD-18,2024-01-01,Karachi,Electronics,10,2,20,5
ORD-19,2024-01-01,Karachi,Electronics,10,2,20,5
ORD-20,2024-01-01,Karachi,Electronics,10,2,20,5
ORD-21,2024-01-01,Karachi,Electronics,10,2,20,5
ORD-22,2024-01-01,Karachi,Electronics,10,2,20,5
ORD-23,2024-01-01,Karachi,Electronics,10,2,20,5
ORD-24,2024-01-01,Karachi,Electronics,10,2,20,5
ORD-25,2024-01-01,Karachi,Electronics,10,2,20,5
ORD-26,2024-01-01,Karachi,Electronics,10,2,20,5
ORD-27,2024-01-01,Karachi,Electronics,10,2,20,5
ORD-28,2024-01-01,Karachi,Electronics,10,2,20,5
ORD-29,2024-01-01,Karachi,Electronics,10,2,20,5
ORD-30,2024-01-01,Karachi,Electronics,10,2,20,5
ORD-31,2024-01-01,Karachi,Electronics,10,2,20,5
ORD-32,2024-01-01,Karachi,Electronics,10,2,20,5
ORD-33,2024-01-01,Karachi,Electronics,10,2,20,5
ORD-34,2024-01-01,Karachi,Electronics,10,2,20,5
ORD-35,2024-01-01,Karachi,Electronics,10,2,20,5
ORD-36,2024-01-01,Karachi,Electronics,10,2,20,5
ORD-37,2024-01-01,Karachi,Electronics,10,2,20,5
ORD-38,2024-01-01,Karachi,Electronics,10,2,20,5
ORD-39,2024-01-01,Karachi,Electronics,10,2,20,5
ORD-40,2024-01-01,Karachi,Electronics,10,2,20,5
ORD-41,2024-01-01,Karachi,Electronics,10,2,20,5
ORD-42,2024-01-01,Karachi,Electronics,10,2,20,5
ORD-43,2024-01-01,Karachi,Electronics,10,2,20,5
ORD-44,2024-01-01,Karachi,Electronics,10,2,20,5
ORD-45,2024-01-01,Karachi,Electronics,10,2,20,5
ORD-46,2024-01-01,Karachi,Electronics,10,2,20,5
ORD-47,2024-01-01,Karachi,Electronics,10,2,20,5
ORD-48,2024-01-01,Karachi,Electronics,10,2,20,5
ORD-49,2024-01-01,Karachi,Electronics,10,2,20,5
ORD-50,2024-01-01,Karachi,Electronics,10,2,20,5
ORD-51,2024-01-01,Karachi,Electronics,10,2,20,5
ORD-52,2024-01-01,Karachi,Electronics,10,2,20,5
ORD-53,2024-01-01,Karachi,Electronics,10,2,20,5
ORD-54,2024-01-01,Karachi,Electronics,10,2,20,5
ORD-55,2024-01-01,Karachi,Electronics,10,2,20,5
ORD-56,2024-01-01,Karachi,Electronics,10,2,20,5
ORD-57,2024-01-01,Karachi,Electronics,10,2,20,5
ORD-58,2024-01-01,Karachi,Electronics,10,2,20,5
ORD-59,2024-01-01,Karachi,Electronics,10,2,20,5
ORD-60,2024-01-01,Karachi,Electronics,10,2,20,5
ORD-61,2024-01-01,Karachi,Electronics,10,2,20,5
ORD-62,2024-01-01,Karachi,Electronics,10,2,20,5
ORD-63,2024-01-01,Karachi,Electronics,10,2,20,5
ORD-64,2024-01-01,Karachi,Electronics,10,2,20,5
ORD-65,2024-01-01,Karachi,Electronics,10,2,20,5
ORD-66,2024-01-01,Karachi,Electronics,10,2,20,5
ORD-67,2024-01-01,Karachi,Electronics,10,2,20,5
ORD-68,2024-01-01,Karachi,Electronics,10,2,20,5
ORD-69,2024-01-01,Karachi,Electronics,10,2,20,5
ORD-70,2024-01-01,Karachi,Electronics,10,2,20,5
ORD-71,2024-01-01,Karachi,Electronics,10,2,20,5
ORD-72,2024-01-01,Karachi,Electronics,10,2,20,5
ORD-73,2024-01-01,Karachi,Electronics,10,2,20,5
ORD-74,2024-01-01,Karachi,Electronics,10,2,20,5
ORD-75,2024-01-01,Karachi,Electronics,10,2,20,5
ORD-76,2024-01-01,Karachi,Electronics,10,2,20,5
ORD-77,2024-01-01,Karachi,Electronics,10,2,20,5
ORD-78,2024-01-01,Karachi,Electronics,10,2,20,5
ORD-79,2024-01-01,Karachi,Electronics,10,2,20,5
ORD-80,2024-01-01,Karachi,Electronics,10,2,20,5
ORD-81,2024-01-01,Karachi,Electronics,10,2,20,5
ORD-82,2024-01-01,Karachi,Electronics,10,2,20,5
ORD-83,2024-01-01,Karachi,Electronics,10,2,20,5
ORD-84,2024-01-01,Karachi,Electronics,10,2,20,5
ORD-85,2024-01-01,Karachi,Electronics,10,2,20,5
ORD-86,2024-01-01,Karachi,Electronics,10,2,20,5
ORD-87,2024-01-01,Karachi,Electronics,10,2,20,5
ORD-88,2024-01-01,Karachi,Electronics,10,2,20,5
ORD-89,2024-01-01,Karachi,Electronics,10,2,20,5
ORD-90,2024-01-01,Karachi,Electronics,10,2,20,5
ORD-91,2024-01-01,Karachi,Electronics,10,2,20,5
ORD-92,2024-01-01,Karachi,Electronics,10,2,20,5
ORD-93,2024-01-01,Karachi,Electronics,10,2,20,5
ORD-94,2024-01-01,Karachi,Electronics,10,2,20,5
ORD-95,2024-01-01,Karachi,Electronics,10,2,20,5
ORD-96,2024-01-01,Karachi,Electronics,10,2,20,5
ORD-97,2024-01-01,Karachi,Electronics,10,2,20,5
ORD-98,2024-01-01,Karachi,Electronics,10,2,20,5
ORD-99,2024-01-01,Karachi,Electronics,10,2,20,5
ORD-100,2024-01-01,Karachi,Electronics,10,2,20,5
ORD-101,2024-01-01,Karachi,Electronics,10,2,20,5
ORD-102,2024-01-01,Karachi,Electronics,10,2,20,5
ORD-103,2024-01-01,Karachi,Electronics,10,2,20,5
ORD-104,2024-01-01,Karachi,Electronics,10,2,20,5
ORD-105,2024-01-01,Karachi,Electronics,10,2,20,5
ORD-106,2024-01-01,Karachi,Electronics,10,2,20,5
ORD-107,2024-01-01,Karachi,Electronics,10,2,20,5
ORD-108,2024-01-01,Karachi,Electronics,10,2,20,5
ORD-109,2024-01-01,Karachi,Electronics,10,2,20,5
ORD-110,2024-01-01,Karachi,Electronics,10,2,20,5
ORD-111,2024-01-01,Karachi,Electronics,10,2,20,5
ORD-112,2024-01-01,Karachi,Electronics,10,2,20,5
ORD-113,2024-01-01,Karachi,Electronics,10,2,20,5
ORD-114,2024-01-01,Karachi,Electronics,10,2,20,5
ORD-115,2024-01-01,Karachi,Electronics,10,2,20,5
ORD-116,2024-01-01,Karachi,Electronics,10,2,20,5
ORD-117,2024-01-01,Karachi,Electronics,10,2,20,5
ORD-118,2024-01-01,Karachi,Electronics,10,2,20,5
ORD-119,2024-01-01,Karachi,Electronics,10,2,20,5
ORD-120,2024-01-01,Karachi,Electronics,10,2,20,5
ORD-121,2024-01-01,Karachi,Electronics,10,2,20,5
ORD-122,2024-01-01,Karachi,Electronics,10,2,20,5
ORD-123,2024-01-01,Karachi,Electronics,10,2,20,5
ORD-124,2024-01-01,Karachi,Electronics,10,2,20,5
ORD-125,2024-01-01,Karachi,Electronics,10,2,20,5
ORD-126,2024-01-01,Karachi,Electronics,10,2,20,5
ORD-127,2024-01-01,Karachi,Electronics,10,2,20,5
ORD-128,2024-01-01,Karachi,Electronics,10,2,20,5
ORD-129,2024-01-01,Karachi,Electronics,10,2,20,5
ORD-130,2024-01-01,Karachi,Electronics,10,2,20,5
ORD-131,2024-01-01,Karachi,Electronics,10,2,20,5
ORD-132,2024-01-01,Karachi,Electronics,10,2,20,5
ORD-133,2024-01-01,Karachi,Electronics,10,2,20,5
ORD-134,2024-01-01,Karachi,Electronics,10,2,20,5
ORD-135,2024-01-01,Karachi,Electronics,10,2,20,5
ORD-136,2024-01-01,Karachi,Electronics,10,2,20,5
ORD-137,2024-01-01,Karachi,Electronics,10,2,20,5
ORD-138,2024-01-01,Karachi,Electronics,10,2,20,5
ORD-139,2024-01-01,Karachi,Electronics,10,2,20,5
ORD-140,2024-01-01,Karachi,Electronics,10,2,20,5
ORD-141,2024-01-01,Karachi,Electronics,10,2,20,5
ORD-142,2024-01-01,Karachi,Electronics,10,2,20,5
ORD-143,2024-01-01,Karachi,Electronics,10,2,20,5
ORD-144,2024-01-01,Karachi,Electronics,10,2,20,5
ORD-145,2024-01-01,Karachi,Electronics,10,2,20,5
ORD-146,2024-01-01,Karachi,Electronics,10,2,20,5
ORD-147,2024-01-01,Karachi,Electronics,10,2,20,5
ORD-148,2024-01-01,Karachi,Electronics,10,2,20,5
ORD-149,2024-01-01,Karachi,Electronics,10,2,20,5
ORD-150,2024-01-01,Karachi,Electronics,10,2,20,5
ORD-151,2024-01-01,Karachi,Electronics,10,2,20,5
ORD-152,2024-01-01,Karachi,Electronics,10,2,20,5
ORD-153,2024-01-01,Karachi,Electronics,10,2,20,5
ORD-154,2024-01-01,Karachi,Electronics,10,2,20,5
ORD-155,2024-01-01,Karachi,Electronics,10,2,20,5
ORD-156,2024-01-01,Karachi,Electronics,10,2,20,5
ORD-157,2024-01-01,Karachi,Electronics,10,2,20,5
ORD-158,2024-01-01,Karachi,Electronics,10,2,20,5
ORD-159,2024-01-01,Karachi,Electronics,10,2,20,5
ORD-160,2024-01-01,Karachi,Electronics,10,2,20,5
ORD-161,2024-01-01,Karachi,Electronics,10,2,20,5
ORD-162,2024-01-01,Karachi,Electronics,10,2,20,5
ORD-163,2024-01-01,Karachi,Electronics,10,2,20,5
ORD-164,2024-01-01,Karachi,Electronics,10,2,20,5
ORD-165,2024-01-01,Karachi,Electronics,10,2,20,5
ORD-166,2024-01-01,Karachi,Electronics,10,2,20,5
ORD-167,2024-01-01,Karachi,Electronics,10,2,20,5
ORD-168,2024-01-01,Karachi,Electronics,10,2,20,5
ORD-169,2024-01-01,Karachi,Electronics,10,2,20,5
ORD-170,2024-01-01,Karachi,Electronics,10,2,20,5
ORD-171,2024-01-01,Karachi,Electronics,10,2,20,5
ORD-172,2024-01-01,Karachi,Electronics,10,2,20,5
ORD-173,2024-01-01,Karachi,Electronics,10,2,20,5
ORD-174,2024-01-01,Karachi,Electronics,10,2,20,5
ORD-175,2024-01-01,Karachi,Electronics,10,2,20,5
ORD-176,2024-01-01,Karachi,Electronics,10,2,20,5
ORD-177,2024-01-01,Karachi,Electronics,10,2,20,5
ORD-178,2024-01-01,Karachi,Electronics,10,2,20,5
ORD-179,2024-01-01,Karachi,Electronics,10,2,20,5
ORD-180,2024-01-01,Karachi,Electronics,10,2,20,5
ORD-181,2024-01-01,Karachi,Electronics,10,2,20,5
ORD-182,2024-01-01,Karachi,Electronics,10,2,20,5
ORD-183,2024-01-01,Karachi,Electronics,10,2,20,5
ORD-184,2024-01-01,Karachi,Electronics,10,2,20,5
ORD-185,2024-01-01,Karachi,Electronics,10,2,20,5
ORD-186,2024-01-01,Karachi,Electronics,10,2,20,5
ORD-187,2024-01-01,Karachi,Electronics,10,2,20,5
ORD-188,2024-01-01,Karachi,Electronics,10,2,20,5
ORD-189,2024-01-01,Karachi,Electronics,10,2,20,5
ORD-190,2024-01-01,Karachi,Electronics,10,2,20,5
ORD-191,2024-01-01,Karachi,Electronics,10,2,20,5
ORD-192,2024-01-01,Karachi,Electronics,10,2,20,5
ORD-193,2024-01-01,Karachi,Electronics,10,2,20,5
ORD-194,2024-01-01,Karachi,Electronics,10,2,20,5
ORD-195,2024-01-01,Karachi,Electronics,10,2,20,5
ORD-196,2024-01-01,Karachi,Electronics,10,2,20,5
ORD-197,2024-01-01,Karachi,Electronics,10,2,20,5
ORD-198,2024-01-01,Karachi,Electronics,10,2,20,5
ORD-199,2024-01-01,Karachi,Electronics,10,2,20,5
ORD-200,2024-01-01,Karachi,Electronics,10,2,20,5
ORD-201,2024-01-01,Karachi,Electronics,10,2,20,5
ORD-202,2024-01-01,Karachi,Electronics,10,2,20,5
ORD-203,2024-01-01,Karachi,Electronics,10,2,20,5
ORD-204,2024-01-01,Karachi,Electronics,10,2,20,5
ORD-205,2024-01-01,Karachi,Electronics,10,2,20,5
ORD-206,2024-01-01,Karachi,Electronics,10,2,20,5
ORD-207,2024-01-01,Karachi,Electronics,10,2,20,5
ORD-208,2024-01-01,Karachi,Electronics,10,2,20,5
ORD-209,2024-01-01,Karachi,Electronics,10,2,20,5
ORD-210,2024-01-01,Karachi,Electronics,10,2,20,5
ORD-211,2024-01-01,Karachi,Electronics,10,2,20,5
ORD-212,2024-01-01,Karachi,Electronics,10,2,20,5
ORD-213,2024-01-01,Karachi,Electronics,10,2,20,5
ORD-214,2024-01-01,Karachi,Electronics,10,2,20,5
ORD-215,2024-01-01,Karachi,Electronics,10,2,20,5
ORD-216,2024-01-01,Karachi,Electronics,10,2,20,5
ORD-217,2024-01-01,Karachi,Electronics,10,2,20,5
ORD-218,2024-01-01,Karachi,Electronics,10,2,20,5
ORD-219,2024-01-01,Karachi,Electronics,10,2,20,5
ORD-220,2024-01-01,Karachi,Electronics,10,2,20,5
ORD-221,2024-01-01,Karachi,Electronics,10,2,20,5
ORD-222,2024-01-01,Karachi,Electronics,10,2,20,5
ORD-223,2024-01-01,Karachi,Electronics,10,2,20,5
ORD-224,2024-01-01,Karachi,Electronics,10,2,20,5
ORD-225,2024-01-01,Karachi,Electronics,10,2,20,5
ORD-226,2024-01-01,Karachi,Electronics,10,2,20,5
ORD-227,2024-01-01,Karachi,Electronics,10,2,20,5
ORD-228,2024-01-01,Karachi,Electronics,10,2,20,5
ORD-229,2024-01-01,Karachi,Electronics,10,2,20,5
ORD-230,2024-01-01,Karachi,Electronics,10,2,20,5
ORD-231,2024-01-01,Karachi,Electronics,10,2,20,5
ORD-232,2024-01-01,Karachi,Electronics,10,2,20,5
ORD-233,2024-01-01,Karachi,Electronics,10,2,20,5
ORD-234,2024-01-01,Karachi,Electronics,10,2,20,5
ORD-235,2024-01-01,Karachi,Electronics,10,2,20,5
ORD-236,2024-01-01,Karachi,Electronics,10,2,20,5
ORD-237,2024-01-01,Karachi,Electronics,10,2,20,5
ORD-238,2024-01-01,Karachi,Electronics,10,2,20,5
ORD-239,2024-01-01,Karachi,Electronics,10,2,20,5
ORD-240,2024-01-01,Karachi,Electronics,10,2,20,5
ORD-241,2024-01-01,Karachi,Electronics,10,2,20,5
ORD-242,2024-01-01,Karachi,Electronics,10,2,20,5
ORD-243,2024-01-01,Karachi,Electronics,10,2,20,5
ORD-244,2024-01-01,Karachi,Electronics,10,2,20,5
ORD-245,2024-01-01,Karachi,Electronics,10,2,20,5
ORD-246,2024-01-01,Karachi,Electronics,10,2,20,5
ORD-247,2024-01-01,Karachi,Electronics,10,2,20,5
ORD-248,2024-01-01,Karachi,Electronics,10,2,20,5
ORD-249,2024-01-01,Karachi,Electronics,10,2,20,5
ORD-250,2024-01-01,Karachi,Electronics,10,2,20,5
ORD-251,2024-01-01,Karachi,Electronics,10,2,20,5
ORD-252,2024-01-01,Karachi,Electronics,10,2,20,5
ORD-253,2024-01-01,Karachi,Electronics,10,2,20,5
ORD-254,2024-01-01,Karachi,Electronics,10,2,20,5
ORD-255,2024-01-01,Karachi,Electronics,10,2,20,5
ORD-256,2024-01-01,Karachi,Electronics,10,2,20,5
ORD-257,2024-01-01,Karachi,Electronics,10,2,20,5
ORD-258,2024-01-01,Karachi,Electronics,10,2,20,5
ORD-259,2024-01-01,Karachi,Electronics,10,2,20,5
ORD-260,2024-01-01,Karachi,Electronics,10,2,20,5
ORD-261,2024-01-01,Karachi,Electronics,10,2,20,5
ORD-262,2024-01-01,Karachi,Electronics,10,2,20,5
ORD-263,2024-01-01,Karachi,Electronics,10,2,20,5
ORD-264,2024-01-01,Karachi,Electronics,10,2,20,5
ORD-265,2024-01-01,Karachi,Electronics,10,2,20,5
ORD-266,2024-01-01,Karachi,Electronics,10,2,20,5
ORD-267,2024-01-01,Karachi,Electronics,10,2,20,5
ORD-268,2024-01-01,Karachi,Electronics,10,2,20,5
ORD-269,2024-01-01,Karachi,Electronics,10,2,20,5
ORD-270,2024-01-01,Karachi,Electronics,10,2,20,5
ORD-271,2024-01-01,Karachi,Electronics,10,2,20,5
ORD-272,2024-01-01,Karachi,Electronics,10,2,20,5
ORD-273,2024-01-01,Karachi,Electronics,10,2,20,5
ORD-274,2024-01-01,Karachi,Electronics,10,2,20,5
ORD-275,2024-01-01,Karachi,Electronics,10,2,20,5
ORD-276,2024-01-01,Karachi,Electronics,10,2,20,5
ORD-277,2024-01-01,Karachi,Electronics,10,2,20,5
ORD-278,2024-01-01,Karachi,Electronics,10,2,20,5
ORD-279,2024-01-01,Karachi,Electronics,10,2,20,5
ORD-280,2024-01-01,Karachi,Electronics,10,2,20,5
ORD-281,2024-01-01,Karachi,Electronics,10,2,20,5
ORD-282,2024-01-01,Karachi,Electronics,10,2,20,5
ORD-283,2024-01-01,Karachi,Electronics,10,2,20,5
ORD-284,2024-01-01,Karachi,Electronics,10,2,20,5
ORD-285,2024-01-01,Karachi,Electronics,10,2,20,5
ORD-286,2024-01-01,Karachi,Electronics,10,2,20,5
ORD-287,2024-01-01,Karachi,Electronics,10,2,20,5
ORD-288,2024-01-01,Karachi,Electronics,10,2,20,5
ORD-289,2024-01-01,Karachi,Electronics,10,2,20,5
ORD-290,2024-01-01,Karachi,Electronics,10,2,20,5
ORD-291,2024-01-01,Karachi,Electronics,10,2,20,5
ORD-292,2024-01-01,Karachi,Electronics,10,2,20,5
ORD-293,2024-01-01,Karachi,Electronics,10,2,20,5
ORD-294,2024-01-01,Karachi,Electronics,10,2,20,5
ORD-295,2024-01-01,Karachi,Electronics,10,2,20,5
ORD-296,2024-01-01,Karachi,Electronics,10,2,20,5
ORD-297,2024-01-01,Karachi,Electronics,10,2,20,5
ORD-298,2024-01-01,Karachi,Electronics,10,2,20,5
ORD-299,2024-01-01,Karachi,Electronics,10,2,20,5
