order_id,order_date,store_city,product_category,sales_channel,customer_segment,unit_price,quantity,discount,promotion,customer_rating,sales_amount,profit,returns
ORD-0,2024-01-01,Lahore,Electronics,Online,Premium,129.69,1,0.22,0,1,101.16,22.26,0
ORD-1,2024-02-02,Multan,Furniture,Online,Premium,10.81,4,0.07,0,5,40.21,8.85,0
ORD-2,2024-03-03,Islamabad,Groceries,Online,Regular,59.25,1,0.23,0,3,45.62,10.04,1
ORD-3,2024-04-04,Karachi,Furniture,Online,Premium,24.93,7,0.03,1,1,169.27,37.24,0
ORD-4,2024-05-05,Karachi,Electronics,Online,Premium,112.65,10,0.27,1,1,822.35,180.92,0
ORD-5,2024-06-06,Lahore,Groceries,In-store,Regular,171.79,2,0.11,1,3,305.79,67.27,0
ORD-6,2024-07-07,Lahore,Furniture,In-store,Premium,141.85,2,0.18,0,5,232.63,51.18,0
ORD-7,2024-08-08,Karachi,Groceries,In-store,Premium,47.82,6,0.25,0,1,215.19,47.34,0
ORD-8,2024-09-09,Faisalabad,Furniture,In-store,Regular,46.14,10,0.26,1,3,341.44,75.12,0
ORD-9,2024-10-10,Islamabad,Clothing,Online,Premium,32.23,9,0.16,1,1,243.66,53.61,1
ORD-10,2024-11-11,Multan,Electronics,In-store,Premium,152.38,2,0.05,0,5,289.52,63.69,1
ORD-11,2024-12-12,Multan,Groceries,In-store,Regular,199.24,9,0.08,0,3,1649.71,362.94,0
ORD-12,2024-01-13,Multan,Electronics,In-store,Regular,89.78,8,0.0,1,2,718.24,158.01,0
ORD-13,2024-02-14,Faisalabad,Electronics,Online,Premium,77.91,3,0.16,0,3,196.33,43.19,0
ORD-14,2024-03-15,Faisalabad,Electronics,Online,Regular,51.69,4,0.26,0,4,153.0,33.66,0
ORD-15,2024-04-16,Multan,Clothing,In-store,Premium,189.64,3,0.08,1,3,523.41,115.15,0
ORD-16,2024-05-17,Karachi,Groceries,Online,Regular,90.43,9,0.14,0,5,699.93,153.98,0
ORD-17,2024-06-18,Karachi,Electronics,In-store,Regular,47.94,2,0.21,0,5,75.75,16.66,0
ORD-18,2024-07-19,Lahore,Furniture,In-store,Regular,51.41,8,0.06,0,1,386.6,85.05,1
ORD-19,2024-08-20,Karachi,Electronics,Online,Premium,23.9,7,0.11,1,3,148.9,32.76,1
ORD-20,2024-09-21,Lahore,Furniture,Online,Premium,161.12,2,0.07,0,4,299.68,65.93,1
ORD-21,2024-10-22,Multan,Electronics,Online,Regular,53.71,2,0.13,0,2,93.46,20.56,0
ORD-22,2024-11-23,Lahore,Furniture,Online,Premium,84.25,8,0.06,1,3,633.56,139.38,0
ORD-23,2024-12-24,Lahore,Groceries,Online,Regular,185.67,8,0.09,1,5,1351.68,297.37,0
ORD-24,2024-01-25,Multan,Furniture,Online,Regular,148.47,1,0.22,0,5,115.81,25.48,0
ORD-25,2024-02-26,Faisalabad,Electronics,Online,Regular,20.62,3,0.02,0,5,60.62,13.34,0
ORD-26,2024-03-27,Lahore,Groceries,Online,Premium,20.99,10,0.17,1,4,174.22,38.33,0
ORD-27,2024-04-01,Faisalabad,Toys,Online,Regular,30.52,5,0.14,0,5,131.24,28.87,0
ORD-28,2024-05-02,Lahore,Groceries,In-store,Regular,46.57,5,0.04,1,4,223.54,49.18,0
ORD-29,2024-06-03,Karachi,Clothing,In-store,Regular,167.58,5,0.18,0,1,687.08,151.16,0
ORD-30,2024-07-04,Lahore,Groceries,In-store,Premium,149.77,3,0.08,0,1,413.37,90.94,0
ORD-31,2024-08-05,Islamabad,Clothing,In-store,Regular,23.0,7,0.25,0,4,120.75,26.57,0
ORD-32,2024-09-06,Lahore,Toys,Online,Premium,112.58,7,0.17,0,5,654.09,143.9,0
ORD-33,2024-10-07,Karachi,Groceries,Online,Regular,112.74,7,0.04,1,1,757.61,166.67,0
ORD-34,2024-11-08,Lahore,Clothing,Online,Premium,73.97,9,0.27,1,1,485.98,106.92,0
ORD-35,2024-12-09,Islamabad,Clothing,Online,Premium,39.98,6,0.23,1,1,184.71,40.64,0
ORD-36,2024-01-10,Islamabad,Clothing,Online,Regular,172.43,4,0.06,1,2,648.34,142.63,0
ORD-37,2024-02-11,Multan,Furniture,In-store,Regular,82.7,5,0.26,1,1,305.99,67.32,0
ORD-38,2024-03-12,Karachi,Toys,In-store,Premium,176.02,5,0.05,1,3,836.1,183.94,0
ORD-39,2024-04-13,Karachi,Furniture,Online,Regular,90.1,9,0.03,0,3,786.57,173.05,0
ORD-40,2024-05-14,Multan,Groceries,In-store,Premium,89.1,6,0.19,0,4,433.03,95.27,0
ORD-41,2024-06-15,Lahore,Toys,In-store,Premium,140.96,9,0.04,1,5,1217.89,267.94,1
ORD-42,2024-07-16,Faisalabad,Furniture,In-store,Regular,167.58,5,0.09,1,5,762.49,167.75,0
ORD-43,2024-08-17,Karachi,Clothing,In-store,Regular,97.27,3,0.2,1,2,233.45,51.36,0
ORD-44,2024-09-18,Faisalabad,Furniture,Online,Premium,33.73,1,0.07,1,4,31.37,6.9,0
ORD-45,2024-10-19,Faisalabad,Clothing,Online,Premium,82.93,3,0.2,0,1,199.03,43.79,0
ORD-46,2024-11-20,Faisalabad,Toys,In-store,Premium,113.69,2,0.14,1,2,195.55,43.02,0
ORD-47,2024-12-21,Multan,Furniture,Online,Premium,150.01,8,0.14,0,4,1032.07,227.06,0
ORD-48,2024-01-22,Multan,Electronics,Online,Regular,20.11,5,0.07,1,2,93.51,20.57,0
ORD-49,2024-02-23,Faisalabad,Groceries,In-store,Premium,79.69,3,0.21,0,1,188.87,41.55,1
ORD-50,2024-03-24,Faisalabad,Electronics,In-store,Premium,45.33,7,0.12,0,4,279.23,61.43,1
ORD-51,2024-04-25,Lahore,Groceries,In-store,Premium,171.42,7,0.16,0,1,1007.95,221.75,1
ORD-52,2024-05-26,Multan,Toys,Online,Premium,80.83,7,0.22,1,5,441.33,97.09,0
ORD-53,2024-06-27,Faisalabad,Clothing,Online,Premium,115.06,1,0.03,1,4,111.61,24.55,0
ORD-54,2024-07-01,Faisalabad,Groceries,Online,Premium,68.83,8,0.1,1,1,495.58,109.03,0
ORD-55,2024-08-02,Karachi,Electronics,Online,Regular,151.06,1,0.3,1,2,105.74,23.26,0
ORD-56,2024-09-03,Karachi,Toys,Online,Premium,168.65,10,0.05,0,3,1602.17,352.48,1
ORD-57,2024-10-04,Islamabad,Electronics,Online,Premium,154.55,3,0.18,0,5,380.19,83.64,0
ORD-58,2024-11-05,Multan,Clothing,Online,Premium,137.08,7,0.12,0,5,844.41,185.77,0
ORD-59,2024-12-06,Islamabad,Electronics,In-store,Regular,162.08,10,0.23,1,4,1248.02,274.56,1
ORD-60,2024-01-07,Lahore,Furniture,Online,Premium,165.35,2,0.13,1,5,287.71,63.3,1
ORD-61,2024-02-08,Multan,Groceries,In-store,Regular,162.6,9,0.23,1,1,1126.82,247.9,1
ORD-62,2024-03-09,Islamabad,Electronics,In-store,Premium,59.39,8,0.07,1,2,441.86,97.21,1
ORD-63,2024-04-10,Multan,Groceries,Online,Regular,100.07,6,0.24,1,1,456.32,100.39,0
ORD-64,2024-05-11,Faisalabad,Furniture,Online,Regular,52.06,7,0.15,0,3,309.76,68.15,1
ORD-65,2024-06-12,Multan,Toys,In-store,Premium,48.21,4,0.09,1,5,175.48,38.61,1
ORD-66,2024-07-13,Karachi,Clothing,In-store,Regular,69.5,8,0.08,1,5,511.52,112.53,0
ORD-67,2024-08-14,Multan,Toys,In-store,Regular,190.42,3,0.06,1,2,536.98,118.14,0
ORD-68,2024-09-15,Islamabad,Electronics,Online,Premium,62.77,6,0.05,0,2,357.79,78.71,0
ORD-69,2024-10-16,Faisalabad,Furniture,In-store,Premium,129.38,8,0.03,0,2,1003.99,220.88,0
ORD-70,2024-11-17,Karachi,Furniture,In-store,Regular,193.27,5,0.28,1,5,695.77,153.07,0
ORD-71,2024-12-18,Lahore,Electronics,In-store,Regular,127.74,1,0.05,1,5,121.35,26.7,0
ORD-72,2024-01-19,Multan,Toys,Online,Regular,79.17,8,0.09,1,2,576.36,126.8,0
ORD-73,2024-02-20,Lahore,Toys,Online,Regular,126.98,5,0.2,0,1,507.92,111.74,0
ORD-74,2024-03-21,Islamabad,Groceries,In-store,Regular,84.66,10,0.14,0,2,728.08,160.18,0
ORD-75,2024-04-22,Karachi,Toys,Online,Regular,185.16,10,0.2,0,3,1481.28,325.88,1
ORD-76,2024-05-23,Faisalabad,Electronics,In-store,Premium,166.19,2,0.02,1,4,325.73,71.66,0
ORD-77,2024-06-24,Multan,Electronics,In-store,Premium,188.82,9,0.16,1,5,1427.48,314.05,0
ORD-78,2024-07-25,Multan,Electronics,Online,Premium,53.82,2,0.07,0,5,100.11,22.02,0
ORD-79,2024-08-26,Karachi,Furniture,In-store,Premium,132.04,5,0.05,1,3,627.19,137.98,1
ORD-80,2024-09-27,Faisalabad,Groceries,In-store,Regular,67.61,2,0.26,1,4,100.06,22.01,1
ORD-81,2024-10-01,Multan,Furniture,In-store,Regular,22.17,5,0.1,1,2,99.77,21.95,0
ORD-82,2024-11-02,Lahore,Groceries,Online,Premium,106.1,10,0.23,1,4,816.97,179.73,0
ORD-83,2024-12-03,Islamabad,Toys,Online,Premium,176.77,8,0.04,0,1,1357.59,298.67,0
ORD-84,2024-01-04,Faisalabad,Groceries,In-store,Premium,48.82,2,0.14,0,4,83.97,18.47,0
ORD-85,2024-02-05,Lahore,Toys,Online,Regular,196.15,4,0.14,0,3,674.76,148.45,1
ORD-86,2024-03-06,Islamabad,Groceries,In-store,Regular,155.67,7,0.1,1,4,980.72,215.76,0
ORD-87,2024-04-07,Islamabad,Clothing,Online,Premium,110.02,6,0.1,1,2,594.11,130.7,1
ORD-88,2024-05-08,Faisalabad,Clothing,In-store,Regular,171.92,7,0.01,1,2,1191.41,262.11,1
ORD-89,2024-06-09,Karachi,Toys,In-store,Regular,102.95,10,0.1,0,2,926.55,203.84,1
ORD-90,2024-07-10,Multan,Furniture,Online,Premium,84.95,3,0.02,1,5,249.75,54.95,0
ORD-91,2024-08-11,Multan,Electronics,Online,Premium,79.1,6,0.19,1,2,384.43,84.57,0
ORD-92,2024-09-12,Lahore,Groceries,Online,Regular,150.62,7,0.29,0,3,748.58,164.69,1
ORD-93,2024-10-13,Lahore,Toys,In-store,Regular,160.25,5,0.11,1,2,713.11,156.88,0
ORD-94,2024-11-14,Multan,Clothing,Online,Premium,39.14,10,0.26,0,3,289.64,63.72,1
ORD-95,2024-12-15,Multan,Clothing,Online,Premium,94.62,1,0.27,1,3,69.07,15.2,0
ORD-96,2024-01-16,Faisalabad,Groceries,Online,Premium,197.59,5,0.19,1,4,800.24,176.05,0
ORD-97,2024-02-17,Karachi,Furniture,In-store,Regular,25.8,7,0.17,1,5,149.9,32.98,0
ORD-98,2024-03-18,Lahore,Toys,In-store,Regular,173.69,1,0.27,1,2,126.79,27.89,0
ORD-99,2024-04-19,Faisalabad,Electronics,In-store,Regular,126.07,3,0.19,0,1,306.35,67.4,0
ORD-100,2024-05-20,Lahore,Toys,In-store,Premium,182.38,6,0.22,0,2,853.54,187.78,0
ORD-101,2024-06-21,Karachi,Furniture,Online,Regular,55.11,8,0.29,1,2,313.02,68.86,0
ORD-102,2024-07-22,Faisalabad,Electronics,In-store,Regular,172.73,7,0.29,1,4,858.47,188.86,0
ORD-103,2024-08-23,Lahore,Furniture,Online,Premium,76.87,5,0.18,1,5,315.17,69.34,0
ORD-104,2024-09-24,Faisalabad,Electronics,Online,Regular,48.17,2,0.19,1,1,78.04,17.17,0
ORD-105,2024-10-25,Faisalabad,Furniture,In-store,Premium,64.35,8,0.03,0,5,499.36,109.86,0
ORD-106,2024-11-26,Multan,Furniture,In-store,Regular,149.74,3,0.27,0,3,327.93,72.14,1
ORD-107,2024-12-27,Islamabad,Toys,In-store,Regular,47.37,8,0.29,1,4,269.06,59.19,0
ORD-108,2024-01-01,Lahore,Toys,Online,Regular,58.8,2,0.28,1,3,84.67,18.63,0
ORD-109,2024-02-02,Multan,Clothing,Online,Regular,52.5,3,0.24,0,3,119.7,26.33,0
ORD-110,2024-03-03,Multan,Groceries,Online,Regular,156.0,10,0.0,0,1,1560.0,343.2,0
ORD-111,2024-04-04,Karachi,Clothing,In-store,Regular,30.7,6,0.24,0,2,139.99,30.8,0
ORD-112,2024-05-05,Faisalabad,Groceries,Online,Premium,149.64,9,0.03,0,5,1306.36,287.4,1
ORD-113,2024-06-06,Karachi,Electronics,In-store,Premium,48.2,10,0.01,1,4,477.18,104.98,1
ORD-114,2024-07-07,Karachi,Groceries,Online,Regular,138.79,8,0.21,1,2,877.15,192.97,0
ORD-115,2024-08-08,Multan,Toys,In-store,Premium,58.63,10,0.16,1,5,492.49,108.35,1
ORD-116,2024-09-09,Faisalabad,Furniture,Online,Premium,123.06,2,0.24,0,3,187.05,41.15,0
ORD-117,2024-10-10,Faisalabad,Groceries,In-store,Premium,166.35,7,0.12,0,2,1024.72,225.44,0
ORD-118,2024-11-11,Faisalabad,Electronics,In-store,Regular,138.93,8,0.02,0,5,1089.21,239.63,0
ORD-119,2024-12-12,Islamabad,Furniture,Online,Premium,16.7,9,0.17,0,5,124.75,27.45,1
ORD-120,2024-01-13,Faisalabad,Clothing,Online,Premium,65.93,2,0.17,0,5,109.44,24.08,0
ORD-121,2024-02-14,Multan,Groceries,Online,Regular,76.67,5,0.17,1,3,318.18,70.0,0
ORD-122,2024-03-15,Lahore,Clothing,In-store,Regular,142.03,5,0.28,1,2,511.31,112.49,0
ORD-123,2024-04-16,Faisalabad,Furniture,In-store,Regular,149.49,1,0.03,0,3,145.01,31.9,1
ORD-124,2024-05-17,Lahore,Clothing,Online,Regular,65.77,6,0.23,0,3,303.86,66.85,0
ORD-125,2024-06-18,Islamabad,Clothing,Online,Premium,91.41,7,0.15,1,4,543.89,119.66,1
ORD-126,2024-07-19,Lahore,Furniture,Online,Regular,26.62,10,0.15,1,2,226.27,49.78,0
ORD-127,2024-08-20,Islamabad,Electronics,Online,Premium,63.78,4,0.23,1,4,196.44,43.22,0
ORD-128,2024-09-21,Karachi,Furniture,Online,Premium,39.26,7,0.16,0,1,230.85,50.79,0
ORD-129,2024-10-22,Faisalabad,Groceries,Online,Premium,94.65,2,0.26,1,1,140.08,30.82,1
ORD-130,2024-11-23,Karachi,Furniture,Online,Regular,193.41,3,0.24,1,4,440.97,97.01,0
ORD-131,2024-12-24,Lahore,Groceries,Online,Regular,119.83,9,0.02,1,5,1056.9,232.52,0
ORD-132,2024-01-25,Lahore,Clothing,Online,Regular,128.48,9,0.15,1,3,982.87,216.23,0
ORD-133,2024-02-26,Faisalabad,Furniture,In-store,Premium,43.47,10,0.05,0,3,412.96,90.85,0
ORD-134,2024-03-27,Multan,Electronics,In-store,Regular,34.44,2,0.14,1,3,59.24,13.03,0
ORD-135,2024-04-01,Karachi,Toys,In-store,Premium,95.04,1,0.02,1,5,93.14,20.49,0
ORD-136,2024-05-02,Multan,Furniture,Online,Regular,113.09,1,0.13,0,4,98.39,21.65,0
ORD-137,2024-06-03,Karachi,Clothing,In-store,Premium,25.18,6,0.29,0,5,107.27,23.6,0
ORD-138,2024-07-04,Faisalabad,Groceries,Online,Premium,106.94,3,0.11,1,1,285.53,62.82,1
ORD-139,2024-08-05,Multan,Clothing,In-store,Regular,69.29,9,0.2,1,5,498.89,109.76,0
ORD-140,2024-09-06,Multan,Electronics,In-store,Premium,134.4,6,0.09,1,3,733.82,161.44,0
ORD-141,2024-10-07,Karachi,Groceries,In-store,Regular,163.57,9,0.03,1,2,1427.97,314.15,0
ORD-142,2024-11-08,Karachi,Groceries,Online,Regular,71.64,8,0.06,0,3,538.73,118.52,0
ORD-143,2024-12-09,Lahore,Clothing,Online,Premium,175.9,10,0.04,1,1,1688.64,371.5,0
ORD-144,2024-01-10,Lahore,Toys,Online,Premium,85.12,4,0.29,1,4,241.74,53.18,1
ORD-145,2024-02-11,Islamabad,Furniture,In-store,Regular,181.27,4,0.11,1,2,645.32,141.97,1
ORD-146,2024-03-12,Islamabad,Toys,Online,Regular,161.25,3,0.26,0,3,357.98,78.76,1
ORD-147,2024-04-13,Karachi,Clothing,In-store,Premium,21.36,3,0.08,0,1,58.95,12.97,1
ORD-148,2024-05-14,Karachi,Groceries,Online,Regular,85.9,7,0.15,0,3,511.11,112.44,1
ORD-149,2024-06-15,Islamabad,Furniture,Online,Premium,186.51,6,0.24,0,4,850.49,187.11,0
ORD-150,2024-07-16,Multan,Toys,In-store,Regular,124.99,2,0.01,0,3,247.48,54.45,0
ORD-151,2024-08-17,Karachi,Electronics,In-store,Regular,51.34,2,0.01,1,5,101.65,22.36,1
ORD-152,2024-09-18,Lahore,Toys,In-store,Regular,117.13,3,0.09,0,1,319.76,70.35,0
ORD-153,2024-10-19,Faisalabad,Electronics,In-store,Premium,107.08,6,0.02,0,3,629.63,138.52,1
ORD-154,2024-11-20,Karachi,Toys,In-store,Regular,150.73,6,0.24,1,1,687.33,151.21,0
ORD-155,2024-12-21,Faisalabad,Clothing,Online,Regular,73.7,6,0.24,0,4,336.07,73.94,1
ORD-156,2024-01-22,Islamabad,Groceries,In-store,Premium,12.21,4,0.01,0,3,48.35,10.64,0
ORD-157,2024-02-23,Islamabad,Electronics,In-store,Premium,12.14,4,0.09,0,4,44.19,9.72,0
ORD-158,2024-03-24,Faisalabad,Groceries,In-store,Regular,149.95,7,0.1,0,4,944.68,207.83,1
ORD-159,2024-04-25,Islamabad,Electronics,Online,Premium,20.39,10,0.3,0,3,142.73,31.4,0
ORD-160,2024-05-26,Islamabad,Furniture,Online,Premium,64.77,10,0.22,0,5,505.21,111.15,1
ORD-161,2024-06-27,Faisalabad,Groceries,Online,Regular,199.64,5,0.19,0,2,808.54,177.88,0
ORD-162,2024-07-01,Islamabad,Groceries,In-store,Regular,170.49,8,0.01,0,5,1350.28,297.06,0
ORD-163,2024-08-02,Karachi,Toys,Online,Premium,34.92,8,0.28,1,4,201.14,44.25,1
ORD-164,2024-09-03,Lahore,Furniture,In-store,Regular,66.31,5,0.07,0,3,308.34,67.83,0
ORD-165,2024-10-04,Lahore,Electronics,Online,Regular,156.12,8,0.06,1,4,1174.02,258.28,1
ORD-166,2024-11-05,Karachi,Toys,In-store,Premium,38.67,8,0.3,1,2,216.55,47.64,0
ORD-167,2024-12-06,Lahore,Clothing,Online,Premium,143.8,3,0.24,0,1,327.86,72.13,0
ORD-168,2024-01-07,Karachi,Groceries,In-store,Premium,75.37,10,0.11,0,5,670.79,147.57,0
ORD-169,2024-02-08,Islamabad,Electronics,In-store,Premium,85.11,7,0.25,0,5,446.83,98.3,0
ORD-170,2024-03-09,Faisalabad,Toys,Online,Regular,72.18,9,0.19,0,5,526.19,115.76,0
ORD-171,2024-04-10,Multan,Groceries,Online,Premium,34.84,3,0.05,0,2,99.29,21.84,0
ORD-172,2024-05-11,Multan,Clothing,Online,Regular,128.84,9,0.08,1,5,1066.8,234.7,0
ORD-173,2024-06-12,Karachi,Electronics,In-store,Regular,145.52,10,0.1,0,5,1309.68,288.13,0
ORD-174,2024-07-13,Faisalabad,Clothing,In-store,Premium,86.23,1,0.15,1,4,73.3,16.13,0
ORD-175,2024-08-14,Faisalabad,Clothing,In-store,Regular,19.23,1,0.05,1,3,18.27,4.02,1
ORD-176,2024-09-15,Lahore,Groceries,Online,Premium,172.99,6,0.22,1,2,809.59,178.11,1
ORD-177,2024-10-16,Karachi,Groceries,In-store,Premium,95.96,5,0.13,0,2,417.43,91.83,0
ORD-178,2024-11-17,Lahore,Furniture,In-store,Premium,192.72,3,0.24,1,3,439.4,96.67,0
ORD-179,2024-12-18,Lahore,Toys,In-store,Regular,101.99,2,0.28,1,1,146.87,32.31,0
ORD-180,2024-01-19,Multan,Electronics,Online,Premium,59.86,10,0.26,1,2,442.96,97.45,0
ORD-181,2024-02-20,Faisalabad,Electronics,Online,Premium,177.08,6,0.23,1,5,818.11,179.98,0
ORD-182,2024-03-21,Lahore,Electronics,In-store,Premium,61.28,7,0.15,1,3,364.62,80.22,0
ORD-183,2024-04-22,Multan,Electronics,Online,Regular,113.78,6,0.23,0,2,525.66,115.65,1
ORD-184,2024-05-23,Islamabad,Toys,In-store,Regular,144.15,8,0.16,0,4,968.69,213.11,0
ORD-185,2024-06-24,Faisalabad,Electronics,In-store,Premium,198.17,5,0.18,1,1,812.5,178.75,0
ORD-186,2024-07-25,Islamabad,Toys,Online,Regular,196.08,10,0.09,0,5,1784.33,392.55,1
ORD-187,2024-08-26,Lahore,Electronics,Online,Regular,98.69,9,0.19,1,1,719.45,158.28,0
ORD-188,2024-09-27,Multan,Toys,In-store,Regular,91.0,7,0.05,0,2,605.15,133.13,1
ORD-189,2024-10-01,Islamabad,Clothing,In-store,Premium,106.14,9,0.1,1,5,859.73,189.14,1
ORD-190,2024-11-02,Islamabad,Toys,In-store,Regular,74.09,5,0.18,0,3,303.77,66.83,0
ORD-191,2024-12-03,Faisalabad,Groceries,In-store,Premium,155.38,4,0.21,1,1,491.0,108.02,0
ORD-192,2024-01-04,Lahore,Groceries,Online,Premium,116.83,9,0.11,1,1,935.81,205.88,0
ORD-193,2024-02-05,Lahore,Toys,In-store,Premium,72.54,8,0.2,1,2,464.26,102.14,0
ORD-194,2024-03-06,Lahore,Electronics,Online,Premium,26.3,10,0.07,0,3,244.59,53.81,0
ORD-195,2024-04-07,Multan,Clothing,In-store,Premium,144.88,2,0.2,0,4,231.81,51.0,0
ORD-196,2024-05-08,Multan,Clothing,Online,Regular,131.86,5,0.1,0,4,593.37,130.54,0
ORD-197,2024-06-09,Faisalabad,Clothing,In-store,Regular,177.04,3,0.28,0,1,382.41,84.13,1
ORD-198,2024-07-10,Faisalabad,Toys,In-store,Regular,63.19,10,0.03,1,5,612.94,134.85,0
ORD-199,2024-08-11,Faisalabad,Groceries,Online,Regular,96.26,4,0.24,1,3,292.63,64.38,0
ORD-200,2024-09-12,Multan,Furniture,In-store,Premium,159.2,10,0.2,0,1,1273.6,280.19,0
ORD-201,2024-10-13,Islamabad,Clothing,Online,Premium,83.16,2,0.06,0,4,156.34,34.39,1
ORD-202,2024-11-14,Islamabad,Groceries,Online,Regular,50.93,5,0.29,1,1,180.8,39.78,0
ORD-203,2024-12-15,Islamabad,Groceries,Online,Regular,95.75,3,0.12,1,2,252.78,55.61,0
ORD-204,2024-01-16,Multan,Furniture,Online,Regular,98.25,8,0.22,1,5,613.08,134.88,1
ORD-205,2024-02-17,Multan,Electronics,Online,Regular,175.26,2,0.16,1,5,294.44,64.78,0
ORD-206,2024-03-18,Lahore,Toys,In-store,Regular,109.65,3,0.1,1,5,296.06,65.13,0
ORD-207,2024-04-19,Multan,Electronics,In-store,Premium,91.87,1,0.14,1,1,79.01,17.38,1
ORD-208,2024-05-20,Faisalabad,Groceries,Online,Regular,82.21,1,0.22,0,1,64.12,14.11,0
ORD-209,2024-06-21,Lahore,Furniture,In-store,Premium,197.3,8,0.01,1,4,1562.62,343.78,0
ORD-210,2024-07-22,Karachi,Clothing,In-store,Regular,174.58,7,0.11,0,2,1087.63,239.28,0
ORD-211,2024-08-23,Multan,Furniture,Online,Regular,167.79,1,0.29,1,4,119.13,26.21,1
ORD-212,2024-09-24,Faisalabad,Toys,Online,Regular,72.5,5,0.06,0,2,340.75,74.97,0
ORD-213,2024-10-25,Karachi,Furniture,In-store,Regular,18.12,10,0.01,0,5,179.39,39.47,0
ORD-214,2024-11-26,Multan,Groceries,In-store,Regular,47.37,1,0.04,1,3,45.48,10.01,0
ORD-215,2024-12-27,Karachi,Toys,Online,Premium,175.87,9,0.07,1,5,1472.03,323.85,0
ORD-216,2024-01-01,Faisalabad,Furniture,Online,Premium,101.65,6,0.28,1,4,439.13,96.61,0
ORD-217,2024-02-02,Lahore,Furniture,Online,Premium,40.86,9,0.14,0,4,316.26,69.58,0
ORD-218,2024-03-03,Islamabad,Electronics,In-store,Premium,113.67,3,0.12,1,1,300.09,66.02,0
ORD-219,2024-04-04,Karachi,Clothing,Online,Premium,109.45,4,0.02,1,2,429.04,94.39,0
ORD-220,2024-05-05,Lahore,Electronics,In-store,Regular,174.55,6,0.09,0,5,953.04,209.67,0
ORD-221,2024-06-06,Faisalabad,Furniture,In-store,Premium,142.23,7,0.27,1,3,726.8,159.9,0
ORD-222,2024-07-07,Lahore,Groceries,In-store,Premium,75.13,8,0.14,1,1,516.89,113.72,0
ORD-223,2024-08-08,Multan,Toys,In-store,Premium,114.69,4,0.22,0,2,357.83,78.72,0
ORD-224,2024-09-09,Multan,Groceries,In-store,Premium,43.26,4,0.11,0,4,154.01,33.88,1
ORD-225,2024-10-10,Multan,Electronics,Online,Regular,94.86,6,0.05,1,1,540.7,118.95,0
ORD-226,2024-11-11,Lahore,Electronics,Online,Premium,154.05,7,0.04,0,3,1035.22,227.75,0
ORD-227,2024-12-12,Karachi,Toys,In-store,Regular,16.79,10,0.27,1,1,122.57,26.97,0
ORD-228,2024-01-13,Multan,Furniture,Online,Regular,108.24,5,0.16,1,1,454.61,100.01,0
ORD-229,2024-02-14,Islamabad,Furniture,Online,Premium,107.26,4,0.06,1,4,403.3,88.73,0
ORD-230,2024-03-15,Karachi,Electronics,Online,Premium,94.5,4,0.3,0,4,264.6,58.21,0
ORD-231,2024-04-16,Karachi,Furniture,In-store,Premium,78.55,8,0.02,0,5,615.83,135.48,0
ORD-232,2024-05-17,Lahore,Toys,In-store,Premium,195.58,2,0.27,0,1,285.55,62.82,0
ORD-233,2024-06-18,Islamabad,Electronics,Online,Regular,185.21,5,0.27,0,4,676.02,148.72,0
ORD-234,2024-07-19,Multan,Groceries,In-store,Regular,186.13,5,0.05,0,1,884.12,194.51,1
ORD-235,2024-08-20,Karachi,Groceries,In-store,Premium,102.65,6,0.02,1,1,603.58,132.79,0
ORD-236,2024-09-21,Faisalabad,Clothing,In-store,Regular,128.65,8,0.15,1,5,874.82,192.46,1
ORD-237,2024-10-22,Lahore,Furniture,Online,Premium,62.6,4,0.21,0,3,197.82,43.52,0
ORD-238,2024-11-23,Islamabad,Groceries,Online,Regular,75.34,2,0.0,1,1,150.68,33.15,1
ORD-239,2024-12-24,Karachi,Electronics,In-store,Regular,41.54,8,0.17,1,5,275.83,60.68,0
ORD-240,2024-01-25,Faisalabad,Furniture,Online,Regular,121.62,6,0.26,0,5,539.99,118.8,0
ORD-241,2024-02-26,Islamabad,Furniture,Online,Regular,106.62,7,0.05,1,2,709.02,155.98,0
ORD-242,2024-03-27,Islamabad,Clothing,In-store,Regular,89.76,7,0.09,0,4,571.77,125.79,0
ORD-243,2024-04-01,Multan,Furniture,In-store,Premium,25.86,5,0.0,1,3,129.3,28.45,0
ORD-244,2024-05-02,Faisalabad,Groceries,Online,Premium,88.97,10,0.04,1,3,854.11,187.9,0
ORD-245,2024-06-03,Faisalabad,Groceries,In-store,Premium,61.83,8,0.29,0,1,351.19,77.26,0
ORD-246,2024-07-04,Faisalabad,Clothing,In-store,Premium,186.75,4,0.18,0,1,612.54,134.76,0
ORD-247,2024-08-05,Lahore,Groceries,Online,Premium,164.7,7,0.2,0,4,922.32,202.91,0
ORD-248,2024-09-06,Multan,Electronics,In-store,Regular,19.42,10,0.14,1,1,167.01,36.74,1
ORD-249,2024-10-07,Islamabad,Furniture,Online,Regular,154.95,6,0.05,0,1,883.21,194.31,1
ORD-250,2024-11-08,Islamabad,Furniture,In-store,Regular,55.45,9,0.22,0,3,389.26,85.64,1
ORD-251,2024-12-09,Karachi,Clothing,In-store,Premium,199.55,8,0.03,1,3,1548.51,340.67,0
ORD-252,2024-01-10,Karachi,Furniture,In-store,Premium,93.79,4,0.16,1,1,315.13,69.33,1
ORD-253,2024-02-11,Lahore,Clothing,Online,Regular,63.55,2,0.01,1,3,125.83,27.68,0
ORD-254,2024-03-12,Lahore,Furniture,In-store,Regular,114.17,8,0.07,1,5,849.42,186.87,0
ORD-255,2024-04-13,Lahore,Clothing,In-store,Regular,177.2,8,0.18,1,5,1162.43,255.73,0
ORD-256,2024-05-14,Faisalabad,Electronics,In-store,Premium,24.84,9,0.06,1,5,210.15,46.23,0
ORD-257,2024-06-15,Islamabad,Groceries,In-store,Regular,193.35,6,0.18,1,3,951.28,209.28,0
ORD-258,2024-07-16,Karachi,Clothing,In-store,Regular,184.14,10,0.03,0,2,1786.16,392.96,0
ORD-259,2024-08-17,Multan,Furniture,In-store,Regular,77.79,3,0.15,1,4,198.36,43.64,0
ORD-260,2024-09-18,Lahore,Clothing,In-store,Premium,128.92,3,0.17,1,5,321.01,70.62,0
ORD-261,2024-10-19,Lahore,Furniture,In-store,Premium,15.45,6,0.29,1,4,65.82,14.48,0
ORD-262,2024-11-20,Lahore,Groceries,Online,Premium,86.05,8,0.15,0,2,585.14,128.73,0
ORD-263,2024-12-21,Multan,Electronics,In-store,Premium,109.83,3,0.23,1,5,253.71,55.82,0
ORD-264,2024-01-22,Faisalabad,Electronics,Online,Premium,165.41,1,0.23,1,1,127.37,28.02,0
ORD-265,2024-02-23,Karachi,Clothing,Online,Premium,92.7,6,0.26,0,5,411.59,90.55,1
ORD-266,2024-03-24,Karachi,Toys,In-store,Premium,128.39,3,0.18,0,5,315.84,69.48,0
ORD-267,2024-04-25,Multan,Groceries,Online,Regular,110.06,6,0.29,1,4,468.86,103.15,0
ORD-268,2024-05-26,Lahore,Clothing,In-store,Regular,184.16,5,0.26,0,4,681.39,149.91,0
ORD-269,2024-06-27,Faisalabad,Electronics,Online,Premium,100.44,10,0.19,1,5,813.56,178.98,1
ORD-270,2024-07-01,Multan,Electronics,Online,Premium,151.21,6,0.14,1,3,780.24,171.65,0
ORD-271,2024-08-02,Faisalabad,Groceries,In-store,Premium,170.77,9,0.12,1,3,1352.5,297.55,0
ORD-272,2024-09-03,Karachi,Electronics,Online,Premium,111.73,3,0.17,1,1,278.21,61.21,0
ORD-273,2024-10-04,Lahore,Clothing,In-store,Regular,29.23,3,0.13,0,3,76.29,16.78,1
ORD-274,2024-11-05,Karachi,Furniture,In-store,Regular,23.2,6,0.08,1,4,128.06,28.17,0
ORD-275,2024-12-06,Lahore,Toys,Online,Premium,132.82,2,0.0,1,1,265.64,58.44,0
ORD-276,2024-01-07,Faisalabad,Electronics,Online,Premium,6.57,6,0.25,1,1,29.57,6.51,0
ORD-277,2024-02-08,Lahore,Furniture,Online,Regular,147.5,2,0.03,1,1,286.15,62.95,0
ORD-278,2024-03-09,Islamabad,Clothing,Online,Premium,108.45,1,0.18,0,5,88.93,19.56,1
ORD-279,2024-04-10,Karachi,Toys,In-store,Premium,138.88,4,0.03,0,4,538.85,118.55,0
ORD-280,2024-05-11,Multan,Toys,In-store,Regular,66.33,3,0.07,0,3,185.06,40.71,0
ORD-281,2024-06-12,Karachi,Clothing,In-store,Premium,45.06,10,0.15,1,1,383.01,84.26,0
ORD-282,2024-07-13,Islamabad,Clothing,In-store,Premium,52.01,10,0.02,0,3,509.7,112.13,0
ORD-283,2024-08-14,Multan,Electronics,Online,Premium,111.54,3,0.23,0,2,257.66,56.69,0
ORD-284,2024-09-15,Multan,Furniture,In-store,Premium,12.77,1,0.28,1,1,9.19,2.02,0
ORD-285,2024-10-16,Islamabad,Electronics,Online,Regular,129.9,9,0.18,1,5,958.66,210.91,0
ORD-286,2024-11-17,Faisalabad,Clothing,Online,Regular,68.72,10,0.19,0,1,556.63,122.46,0
ORD-287,2024-12-18,Lahore,Electronics,Online,Regular,185.3,2,0.14,0,1,318.72,70.12,0
ORD-288,2024-01-19,Islamabad,Clothing,In-store,Regular,36.95,6,0.16,1,1,186.23,40.97,0
ORD-289,2024-02-20,Multan,Electronics,In-store,Premium,70.33,7,0.08,0,5,452.93,99.64,0
ORD-290,2024-03-21,Lahore,Groceries,Online,Regular,75.22,8,0.26,0,2,445.3,97.97,0
ORD-291,2024-04-22,Karachi,Furniture,In-store,Premium,149.45,1,0.01,0,2,147.96,32.55,0
ORD-292,2024-05-23,Islamabad,Clothing,In-store,Premium,39.9,1,0.17,1,3,33.12,7.29,0
ORD-293,2024-06-24,Lahore,Toys,Online,Premium,166.07,10,0.11,0,1,1478.02,325.16,0
ORD-294,2024-07-25,Karachi,Toys,In-store,Regular,176.01,5,0.23,1,3,677.64,149.08,0
ORD-295,2024-08-26,Islamabad,Toys,In-store,Regular,44.13,10,0.24,0,5,335.39,73.79,1
ORD-296,2024-09-27,Lahore,Toys,In-store,Regular,153.29,4,0.05,1,3,582.5,128.15,0
ORD-297,2024-10-01,Lahore,Toys,Online,Premium,5.29,7,0.25,1,4,27.77,6.11,0
ORD-298,2024-11-02,Lahore,Toys,In-store,Premium,192.43,3,0.21,0,4,456.06,100.33,0
ORD-299,2024-12-03,Karachi,Toys,Online,Premium,195.04,2,0.17,0,2,323.77,71.23,1
ORD-300,2024-01-04,Islamabad,Furniture,In-store,Regular,51.17,5,0.26,1,1,189.33,41.65,0
ORD-301,2024-02-05,Karachi,Clothing,In-store,Premium,188.99,3,0.23,0,3,436.57,96.05,0
ORD-302,2024-03-06,Islamabad,Furniture,In-store,Regular,84.27,9,0.11,0,1,675.0,148.5,1
ORD-303,2024-04-07,Islamabad,Clothing,Online,Regular,35.73,5,0.25,0,3,133.99,29.48,0
ORD-304,2024-05-08,Karachi,Furniture,In-store,Regular,82.27,1,0.2,1,1,65.82,14.48,0
ORD-305,2024-06-09,Lahore,Clothing,In-store,Premium,95.1,3,0.04,0,1,273.89,60.26,0
ORD-306,2024-07-10,Karachi,Clothing,In-store,Regular,118.55,5,0.28,0,1,426.78,93.89,0
ORD-307,2024-08-11,Lahore,Toys,In-store,Premium,181.49,6,0.04,1,4,1045.38,229.98,0
ORD-308,2024-09-12,Islamabad,Groceries,In-store,Regular,10.75,7,0.05,0,1,71.49,15.73,0
ORD-309,2024-10-13,Faisalabad,Toys,In-store,Regular,124.75,10,0.07,1,1,1160.17,255.24,1
ORD-310,2024-11-14,Faisalabad,Groceries,In-store,Premium,59.56,3,0.13,0,3,155.45,34.2,0
ORD-311,2024-12-15,Karachi,Groceries,Online,Regular,182.97,9,0.1,1,3,1482.06,326.05,0
ORD-312,2024-01-16,Karachi,Clothing,Online,Premium,16.43,8,0.16,0,5,110.41,24.29,0
ORD-313,2024-02-17,Islamabad,Clothing,Online,Regular,164.18,1,0.23,0,5,126.42,27.81,1
ORD-314,2024-03-18,Multan,Toys,Online,Regular,67.01,6,0.27,0,4,293.5,64.57,0
ORD-315,2024-04-19,Lahore,Toys,Online,Regular,110.71,3,0.15,0,5,282.31,62.11,0
ORD-316,2024-05-20,Islamabad,Clothing,In-store,Regular,98.21,6,0.28,0,1,424.27,93.34,0
ORD-317,2024-06-21,Islamabad,Furniture,Online,Premium,33.8,3,0.23,1,3,78.08,17.18,0
ORD-318,2024-07-22,Islamabad,Clothing,In-store,Regular,67.91,3,0.22,1,5,158.91,34.96,1
ORD-319,2024-08-23,Lahore,Electronics,In-store,Regular,163.82,7,0.09,1,2,1043.53,229.58,0
ORD-320,2024-09-24,Lahore,Groceries,Online,Regular,122.47,10,0.07,0,3,1138.97,250.57,1
ORD-321,2024-10-25,Faisalabad,Electronics,In-store,Regular,196.56,3,0.19,0,2,477.64,105.08,0
ORD-322,2024-11-26,Karachi,Furniture,In-store,Premium,140.17,6,0.08,0,2,773.74,170.22,0
ORD-323,2024-12-27,Karachi,Furniture,Online,Regular,177.49,8,0.26,1,4,1050.74,231.16,1
ORD-324,2024-01-01,Karachi,Electronics,In-store,Regular,19.37,1,0.09,1,4,17.63,3.88,0
ORD-325,2024-02-02,Multan,Toys,In-store,Regular,36.38,2,0.16,0,4,61.12,13.45,0
ORD-326,2024-03-03,Karachi,Electronics,In-store,Regular,188.78,3,0.18,1,2,464.4,102.17,0
ORD-327,2024-04-04,Islamabad,Clothing,Online,Regular,84.81,9,0.22,1,4,595.37,130.98,0
ORD-328,2024-05-05,Faisalabad,Electronics,In-store,Premium,116.5,8,0.05,1,2,885.4,194.79,0
ORD-329,2024-06-06,Faisalabad,Electronics,In-store,Premium,23.91,4,0.05,1,4,90.86,19.99,0
ORD-330,2024-07-07,Islamabad,Furniture,In-store,Regular,100.37,5,0.03,1,4,486.79,107.09,0
ORD-331,2024-08-08,Multan,Electronics,Online,Regular,13.7,8,0.14,0,1,94.26,20.74,0
ORD-332,2024-09-09,Faisalabad,Toys,In-store,Premium,135.29,9,0.12,0,5,1071.5,235.73,0
ORD-333,2024-10-10,Multan,Toys,Online,Regular,176.92,8,0.09,1,4,1287.98,283.36,0
ORD-334,2024-11-11,Karachi,Furniture,Online,Premium,38.71,3,0.29,0,2,82.45,18.14,0
ORD-335,2024-12-12,Karachi,Electronics,In-store,Premium,199.47,3,0.25,1,5,448.81,98.74,0
ORD-336,2024-01-13,Karachi,Furniture,Online,Regular,68.59,5,0.16,0,5,288.08,63.38,1
ORD-337,2024-02-14,Multan,Groceries,In-store,Premium,119.65,2,0.28,0,4,172.3,37.91,0
ORD-338,2024-03-15,Islamabad,Furniture,Online,Premium,132.68,10,0.18,0,1,1087.98,239.36,0
ORD-339,2024-04-16,Islamabad,Groceries,Online,Premium,82.18,6,0.21,0,3,389.53,85.7,1
ORD-340,2024-05-17,Lahore,Groceries,In-store,Premium,65.64,8,0.26,0,3,388.59,85.49,0
ORD-341,2024-06-18,Lahore,Furniture,In-store,Premium,147.12,10,0.19,0,1,1191.67,262.17,1
ORD-342,2024-07-19,Multan,Toys,Online,Regular,105.48,3,0.02,1,2,310.11,68.22,0
ORD-343,2024-08-20,Faisalabad,Electronics,In-store,Regular,175.66,4,0.25,0,3,526.98,115.94,0
ORD-344,2024-09-21,Lahore,Groceries,In-store,Premium,76.83,8,0.15,0,2,522.44,114.94,0
ORD-345,2024-10-22,Lahore,Groceries,Online,Premium,192.3,8,0.18,1,1,1261.49,277.53,0
ORD-346,2024-11-23,Lahore,Clothing,In-store,Premium,80.38,3,0.26,0,5,178.44,39.26,0
ORD-347,2024-12-24,Multan,Electronics,Online,Premium,8.91,1,0.14,0,5,7.66,1.69,0
ORD-348,2024-01-25,Faisalabad,Groceries,In-store,Premium,161.99,5,0.21,1,2,639.86,140.77,1
ORD-349,2024-02-26,Karachi,Toys,In-store,Premium,96.01,9,0.25,1,3,648.07,142.58,0
ORD-350,2024-03-27,Islamabad,Groceries,In-store,Regular,138.46,8,0.02,1,2,1085.53,238.82,0
ORD-351,2024-04-01,Lahore,Electronics,In-store,Premium,105.87,4,0.27,1,3,309.14,68.01,0
ORD-352,2024-05-02,Islamabad,Clothing,In-store,Premium,181.85,7,0.12,0,5,1120.2,246.44,0
ORD-353,2024-06-03,Karachi,Furniture,Online,Premium,63.54,3,0.25,0,5,142.97,31.45,0
ORD-354,2024-07-04,Lahore,Groceries,Online,Premium,153.77,3,0.28,1,4,332.14,73.07,0
ORD-355,2024-08-05,Karachi,Furniture,Online,Regular,158.68,6,0.11,1,4,847.35,186.42,1
ORD-356,2024-09-06,Faisalabad,Electronics,Online,Regular,178.44,9,0.04,1,2,1541.72,339.18,0
ORD-357,2024-10-07,Islamabad,Clothing,Online,Premium,71.82,10,0.27,1,3,524.29,115.34,0
ORD-358,2024-11-08,Faisalabad,Groceries,Online,Regular,128.05,3,0.09,0,5,349.58,76.91,0
ORD-359,2024-12-09,Multan,Furniture,In-store,Premium,154.07,8,0.24,0,4,936.75,206.09,0
ORD-360,2024-01-10,Karachi,Groceries,Online,Regular,193.24,7,0.0,0,1,1352.68,297.59,0
ORD-361,2024-02-11,Lahore,Electronics,In-store,Premium,127.2,4,0.07,1,2,473.18,104.1,0
ORD-362,2024-03-12,Multan,Toys,In-store,Premium,17.73,1,0.09,1,2,16.13,3.55,1
ORD-363,2024-04-13,Faisalabad,Electronics,Online,Regular,71.83,8,0.11,0,2,511.43,112.51,0
ORD-364,2024-05-14,Islamabad,Electronics,In-store,Premium,46.18,1,0.18,0,5,37.87,8.33,0
ORD-365,2024-06-15,Karachi,Electronics,In-store,Premium,126.51,10,0.3,0,4,885.57,194.83,0
ORD-366,2024-07-16,Karachi,Groceries,In-store,Regular,29.1,5,0.14,0,5,125.13,27.53,0
ORD-367,2024-08-17,Multan,Toys,Online,Premium,57.65,10,0.21,1,1,455.44,100.2,0
ORD-368,2024-09-18,Multan,Clothing,In-store,Premium,158.03,8,0.06,0,3,1188.39,261.45,0
ORD-369,2024-10-19,Islamabad,Clothing,Online,Regular,36.27,9,0.15,0,1,277.47,61.04,1
ORD-370,2024-11-20,Multan,Electronics,Online,Premium,181.84,10,0.2,0,2,1454.72,320.04,0
ORD-371,2024-12-21,Lahore,Electronics,In-store,Premium,94.07,5,0.08,0,3,432.72,95.2,0
ORD-372,2024-01-22,Lahore,Clothing,In-store,Premium,88.07,2,0.03,0,4,170.86,37.59,0
ORD-373,2024-02-23,Islamabad,Clothing,Online,Premium,191.24,5,0.26,0,4,707.59,155.67,0
ORD-374,2024-03-24,Lahore,Electronics,Online,Regular,192.65,5,0.25,1,2,722.44,158.94,1
ORD-375,2024-04-25,Multan,Furniture,In-store,Regular,25.22,10,0.14,1,2,216.89,47.72,0
ORD-376,2024-05-26,Karachi,Electronics,In-store,Premium,99.2,8,0.03,1,1,769.79,169.35,1
ORD-377,2024-06-27,Multan,Toys,Online,Premium,142.39,9,0.23,0,2,986.76,217.09,0
ORD-378,2024-07-01,Lahore,Toys,In-store,Premium,98.98,7,0.04,0,2,665.15,146.33,0
ORD-379,2024-08-02,Karachi,Toys,Online,Premium,19.6,8,0.1,1,4,141.12,31.05,0
ORD-380,2024-09-03,Faisalabad,Furniture,In-store,Regular,164.34,2,0.14,1,4,282.66,62.19,0
ORD-381,2024-10-04,Multan,Toys,Online,Regular,150.32,1,0.03,1,5,145.81,32.08,0
ORD-382,2024-11-05,Islamabad,Groceries,Online,Regular,192.82,5,0.27,0,4,703.79,154.83,1
ORD-383,2024-12-06,Karachi,Electronics,Online,Regular,69.73,10,0.18,1,3,571.79,125.79,1
ORD-384,2024-01-07,Karachi,Clothing,In-store,Regular,74.25,5,0.16,1,4,311.85,68.61,0
ORD-385,2024-02-08,Lahore,Furniture,Online,Premium,25.86,10,0.06,0,1,243.08,53.48,1
ORD-386,2024-03-09,Faisalabad,Toys,Online,Premium,152.64,1,0.28,0,1,109.9,24.18,1
ORD-387,2024-04-10,Multan,Clothing,Online,Regular,108.42,1,0.17,1,1,89.99,19.8,1
ORD-388,2024-05-11,Faisalabad,Toys,Online,Premium,80.54,10,0.18,1,4,660.43,145.29,1
ORD-389,2024-06-12,Faisalabad,Toys,In-store,Premium,192.9,5,0.14,0,5,829.47,182.48,0
ORD-390,2024-07-13,Lahore,Clothing,In-store,Regular,128.35,4,0.06,1,3,482.6,106.17,0
ORD-391,2024-08-14,Faisalabad,Electronics,Online,Regular,114.64,10,0.17,1,4,951.51,209.33,0
ORD-392,2024-09-15,Islamabad,Clothing,Online,Premium,33.34,1,0.06,0,2,31.34,6.89,0
ORD-393,2024-10-16,Multan,Toys,Online,Premium,151.95,1,0.11,1,2,135.24,29.75,0
ORD-394,2024-11-17,Faisalabad,Furniture,In-store,Regular,104.63,5,0.21,0,1,413.29,90.92,1
ORD-395,2024-12-18,Islamabad,Toys,Online,Regular,150.02,4,0.19,1,3,486.06,106.93,0
ORD-396,2024-01-19,Faisalabad,Electronics,In-store,Premium,92.52,2,0.06,0,5,173.94,38.27,0
ORD-397,2024-02-20,Islamabad,Furniture,Online,Regular,56.53,3,0.18,1,2,139.06,30.59,0
ORD-398,2024-03-21,Multan,Toys,In-store,Regular,186.08,10,0.02,1,3,1823.58,401.19,1
ORD-399,2024-04-22,Multan,Toys,In-store,Regular,107.45,3,0.16,0,3,270.77,59.57,1
ORD-400,2024-05-23,Islamabad,Clothing,In-store,Regular,48.13,4,0.2,1,1,154.02,33.88,0
ORD-401,2024-06-24,Islamabad,Furniture,Online,Premium,135.44,8,0.07,0,3,1007.67,221.69,0
ORD-402,2024-07-25,Faisalabad,Electronics,In-store,Regular,110.35,5,0.01,1,3,546.23,120.17,1
ORD-403,2024-08-26,Lahore,Clothing,In-store,Regular,105.21,2,0.05,0,2,199.9,43.98,0
ORD-404,2024-09-27,Karachi,Furniture,In-store,Regular,109.86,7,0.19,0,1,622.91,137.04,0
ORD-405,2024-10-01,Islamabad,Furniture,In-store,Premium,19.28,3,0.24,0,4,43.96,9.67,0
ORD-406,2024-11-02,Multan,Electronics,Online,Regular,89.44,1,0.12,0,3,78.71,17.32,0
ORD-407,2024-12-03,Islamabad,Furniture,In-store,Premium,185.97,2,0.09,1,1,338.47,74.46,0
ORD-408,2024-01-04,Lahore,Groceries,In-store,Regular,97.43,9,0.07,1,5,815.49,179.41,0
ORD-409,2024-02-05,Multan,Toys,Online,Premium,175.58,3,0.04,0,2,505.67,111.25,1
ORD-410,2024-03-06,Lahore,Clothing,In-store,Regular,150.92,6,0.06,0,1,851.19,187.26,0
ORD-411,2024-04-07,Islamabad,Electronics,In-store,Regular,40.36,10,0.26,1,2,298.66,65.71,0
ORD-412,2024-05-08,Lahore,Electronics,In-store,Regular,146.49,8,0.29,1,2,832.06,183.05,0
ORD-413,2024-06-09,Multan,Toys,In-store,Premium,66.97,8,0.1,1,4,482.18,106.08,0
ORD-414,2024-07-10,Islamabad,Groceries,Online,Premium,37.88,6,0.07,0,4,211.37,46.5,1
ORD-415,2024-08-11,Lahore,Toys,Online,Premium,95.26,6,0.23,1,2,440.1,96.82,0
ORD-416,2024-09-12,Karachi,Toys,Online,Premium,178.8,4,0.08,0,5,657.98,144.76,0
ORD-417,2024-10-13,Islamabad,Furniture,Online,Premium,46.49,1,0.17,1,2,38.59,8.49,0
ORD-418,2024-11-14,Lahore,Toys,Online,Regular,95.62,9,0.03,1,4,834.76,183.65,0
ORD-419,2024-12-15,Islamabad,Electronics,Online,Premium,36.05,10,0.28,0,2,259.56,57.1,1
ORD-420,2024-01-16,Faisalabad,Furniture,In-store,Regular,17.26,6,0.07,0,1,96.31,21.19,0
ORD-421,2024-02-17,Multan,Toys,Online,Premium,196.22,6,0.03,1,4,1142.0,251.24,0
ORD-422,2024-03-18,Multan,Furniture,In-store,Premium,76.23,2,0.15,1,4,129.59,28.51,0
ORD-423,2024-04-19,Lahore,Clothing,Online,Premium,159.57,10,0.0,0,2,1595.7,351.05,1
ORD-424,2024-05-20,Faisalabad,Groceries,Online,Premium,34.3,3,0.11,0,4,91.58,20.15,0
ORD-425,2024-06-21,Lahore,Electronics,Online,Regular,98.41,10,0.05,1,2,934.89,205.68,0
ORD-426,2024-07-22,Lahore,Groceries,Online,Premium,127.76,1,0.27,0,5,93.26,20.52,0
ORD-427,2024-08-23,Lahore,Furniture,In-store,Premium,194.0,1,0.26,1,2,143.56,31.58,0
ORD-428,2024-09-24,Lahore,Groceries,In-store,Regular,47.78,7,0.18,0,2,274.26,60.34,0
ORD-429,2024-10-25,Lahore,Toys,Online,Regular,78.75,3,0.03,0,4,229.16,50.42,1
ORD-430,2024-11-26,Faisalabad,Clothing,Online,Premium,180.81,10,0.01,0,5,1790.02,393.8,0
ORD-431,2024-12-27,Faisalabad,Furniture,In-store,Regular,87.03,1,0.21,1,4,68.75,15.12,0
ORD-432,2024-01-01,Multan,Toys,In-store,Premium,31.11,8,0.23,0,2,191.64,42.16,0
ORD-433,2024-02-02,Faisalabad,Clothing,In-store,Premium,6.07,1,0.17,0,3,5.04,1.11,0
ORD-434,2024-03-03,Multan,Furniture,In-store,Premium,25.78,7,0.2,1,4,144.37,31.76,0
ORD-435,2024-04-04,Islamabad,Toys,In-store,Premium,152.22,7,0.17,1,3,884.4,194.57,0
ORD-436,2024-05-05,Faisalabad,Clothing,Online,Regular,117.64,7,0.22,0,5,642.31,141.31,0
ORD-437,2024-06-06,Faisalabad,Electronics,Online,Regular,83.11,6,0.24,0,4,378.98,83.38,0
ORD-438,2024-07-07,Islamabad,Electronics,Online,Premium,185.54,7,0.03,1,4,1259.82,277.16,0
ORD-439,2024-08-08,Faisalabad,Furniture,Online,Regular,124.72,9,0.09,0,5,1021.46,224.72,0
ORD-440,2024-09-09,Karachi,Groceries,Online,Regular,60.77,1,0.24,0,2,46.19,10.16,0
ORD-441,2024-10-10,Faisalabad,Toys,Online,Regular,21.93,5,0.23,1,1,84.43,18.57,1
ORD-442,2024-11-11,Islamabad,Clothing,Online,Premium,184.24,9,0.09,1,4,1508.93,331.96,0
ORD-443,2024-12-12,Multan,Groceries,In-store,Regular,117.11,5,0.05,0,5,556.27,122.38,0
ORD-444,2024-01-13,Faisalabad,Toys,In-store,Regular,191.56,9,0.24,1,3,1310.27,288.26,1
ORD-445,2024-02-14,Karachi,Groceries,Online,Premium,192.44,8,0.2,0,2,1231.62,270.96,1
ORD-446,2024-03-15,Multan,Toys,Online,Premium,137.0,4,0.24,1,2,416.48,91.63,0
ORD-447,2024-04-16,Multan,Clothing,In-store,Premium,61.02,7,0.2,1,3,341.71,75.18,0
ORD-448,2024-05-17,Lahore,Clothing,Online,Premium,47.62,10,0.08,0,2,438.1,96.38,1
ORD-449,2024-06-18,Karachi,Electronics,Online,Premium,49.7,4,0.25,1,5,149.1,32.8,0
ORD-450,2024-07-19,Multan,Groceries,In-store,Premium,6.29,9,0.29,1,4,40.19,8.84,0
ORD-451,2024-08-20,Karachi,Toys,In-store,Premium,40.66,9,0.08,0,5,336.66,74.07,0
ORD-452,2024-09-21,Karachi,Toys,In-store,Premium,11.35,6,0.12,0,1,59.93,13.18,1
ORD-453,2024-10-22,Islamabad,Toys,In-store,Regular,7.3,4,0.11,0,5,25.99,5.72,0
ORD-454,2024-11-23,Lahore,Furniture,In-store,Regular,56.26,5,0.14,1,4,241.92,53.22,0
ORD-455,2024-12-24,Faisalabad,Clothing,Online,Regular,141.64,6,0.11,1,1,756.36,166.4,0
ORD-456,2024-01-25,Lahore,Clothing,In-store,Regular,145.56,4,0.17,1,2,483.26,106.32,0
ORD-457,2024-02-26,Islamabad,Groceries,Online,Premium,87.2,3,0.3,1,1,183.12,40.29,1
ORD-458,2024-03-27,Karachi,Furniture,In-store,Premium,139.66,1,0.06,1,3,131.28,28.88,1
ORD-459,2024-04-01,Karachi,Furniture,Online,Premium,75.26,9,0.28,1,5,487.68,107.29,0
ORD-460,2024-05-02,Islamabad,Groceries,In-store,Premium,43.8,10,0.19,0,1,354.78,78.05,0
ORD-461,2024-06-03,Islamabad,Furniture,In-store,Regular,79.31,5,0.14,0,1,341.03,75.03,0
ORD-462,2024-07-04,Multan,Furniture,In-store,Premium,36.59,4,0.09,1,3,133.19,29.3,0
ORD-463,2024-08-05,Lahore,Electronics,Online,Regular,150.84,9,0.29,1,3,963.87,212.05,0
ORD-464,2024-09-06,Karachi,Electronics,In-store,Regular,188.39,2,0.06,1,1,354.17,77.92,0
ORD-465,2024-10-07,Islamabad,Toys,Online,Regular,155.33,9,0.23,0,4,1076.44,236.82,0
ORD-466,2024-11-08,Lahore,Toys,Online,Regular,65.33,4,0.22,1,1,203.83,44.84,0
ORD-467,2024-12-09,Multan,Furniture,Online,Regular,134.39,6,0.26,1,5,596.69,131.27,0
ORD-468,2024-01-10,Faisalabad,Toys,Online,Regular,121.53,10,0.13,1,4,1057.31,232.61,0
ORD-469,2024-02-11,Karachi,Toys,Online,Premium,65.03,7,0.08,1,3,418.79,92.13,0
ORD-470,2024-03-12,Islamabad,Electronics,In-store,Premium,96.49,1,0.21,1,5,76.23,16.77,1
ORD-471,2024-04-13,Multan,Furniture,In-store,Regular,50.09,1,0.16,0,2,42.08,9.26,1
ORD-472,2024-05-14,Karachi,Furniture,Online,Premium,144.41,7,0.25,0,3,758.15,166.79,0
ORD-473,2024-06-15,Karachi,Clothing,Online,Premium,131.45,9,0.24,1,1,899.12,197.81,0
ORD-474,2024-07-16,Islamabad,Electronics,Online,Regular,129.19,10,0.14,1,5,1111.03,244.43,0
ORD-475,2024-08-17,Karachi,Clothing,Online,Regular,9.32,2,0.08,0,1,17.15,3.77,1
ORD-476,2024-09-18,Faisalabad,Electronics,In-store,Regular,101.25,6,0.13,1,2,528.52,116.27,0
ORD-477,2024-10-19,Lahore,Groceries,In-store,Regular,15.93,7,0.02,1,1,109.28,24.04,0
ORD-478,2024-11-20,Karachi,Clothing,In-store,Regular,195.05,4,0.12,1,5,686.58,151.05,0
ORD-479,2024-12-21,Lahore,Electronics,Online,Premium,134.87,4,0.14,1,4,463.95,102.07,0
ORD-480,2024-01-22,Karachi,Clothing,In-store,Premium,129.51,4,0.11,0,1,461.06,101.43,0
ORD-481,2024-02-23,Karachi,Electronics,In-store,Regular,37.64,5,0.18,1,3,154.32,33.95,0
ORD-482,2024-03-24,Karachi,Electronics,In-store,Regular,155.31,4,0.05,0,5,590.18,129.84,0
ORD-483,2024-04-25,Faisalabad,Clothing,Online,Premium,159.34,3,0.15,1,3,406.32,89.39,0
ORD-484,2024-05-26,Multan,Groceries,In-store,Regular,146.26,5,0.27,1,5,533.85,117.45,1
ORD-485,2024-06-27,Multan,Toys,Online,Regular,41.39,6,0.1,1,5,223.51,49.17,0
ORD-486,2024-07-01,Karachi,Toys,In-store,Regular,35.23,5,0.25,1,1,132.11,29.06,1
ORD-487,2024-08-02,Karachi,Toys,In-store,Regular,125.85,6,0.23,0,5,581.43,127.91,0
ORD-488,2024-09-03,Faisalabad,Groceries,Online,Regular,138.23,9,0.05,1,5,1181.87,260.01,0
ORD-489,2024-10-04,Karachi,Clothing,Online,Premium,133.48,1,0.25,0,2,100.11,22.02,0
ORD-490,2024-11-05,Multan,Toys,In-store,Regular,24.26,10,0.19,1,3,196.51,43.23,1
ORD-491,2024-12-06,Karachi,Furniture,Online,Premium,48.04,2,0.0,0,5,96.08,21.14,1
ORD-492,2024-01-07,Multan,Electronics,Online,Premium,149.98,7,0.25,0,1,787.39,173.23,0
ORD-493,2024-02-08,Lahore,Clothing,Online,Regular,189.2,9,0.03,0,5,1651.72,363.38,1
ORD-494,2024-03-09,Faisalabad,Electronics,Online,Regular,151.09,7,0.22,1,5,824.95,181.49,1
ORD-495,2024-04-10,Islamabad,Toys,In-store,Premium,83.3,6,0.2,1,4,399.84,87.96,0
ORD-496,2024-05-11,Multan,Toys,Online,Premium,154.02,7,0.25,1,5,808.61,177.89,0
ORD-497,2024-06-12,Faisalabad,Electronics,Online,Premium,185.6,5,0.11,1,5,825.92,181.7,1
ORD-498,2024-07-13,Islamabad,Clothing,Online,Premium,8.18,3,0.3,1,1,17.18,3.78,0
ORD-499,2024-08-14,Karachi,Furniture,In-store,Regular,155.45,5,0.28,0,2,559.62,123.12,0