age,income,churn
25,50000,0
40,60000,1
35,55000,0
age,income,churn
25,50000,0
40,60000,1
35,55000,0
age,income,churn
25,50000,0
40,60000,1
35,55000,0
age,income,churn
25,50000,0
40,60000,1
35,55000,0
age,income,churn
25,50000,0
40,60000,1
35,55000,0
age,income,churn
25,50000,0
40,60000,1
35,55000,0
age,income,churn
25,50000,0
40,60000,1
35,55000,0
age,income,churn
25,50000,0
40,60000,1
35,55000,0
age,income,churn
25,50000,0
40,60000,1
35,55000,0
age,income,churn
25,50000,0
40,60000,1
35,55000,0
