customer_id,tenure_months,monthly_charges,support_tickets,churn
CUST-0,12,118.79,1,0
CUST-1,39,104.12,5,0
CUST-2,12,55.16,5,0
CUST-3,61,74.06,3,0
CUST-4,41,91.91,3,0
CUST-5,6,83.25,0,0
CUST-6,66,90.58,4,0
CUST-7,29,25.25,1,0
CUST-8,55,39.51,1,0
CUST-9,40,53.03,0,0
CUST-10,53,51.05,2,0
CUST-11,31,66.8,1,0
CUST-12,71,36.21,1,0
CUST-13,17,102.73,5,0
CUST-14,61,78.59,5,0
CUST-15,11,45.43,5,0
CUST-16,39,51.41,1,0
CUST-17,54,99.04,3,0
CUST-18,62,46.22,2,0
CUST-19,29,59.23,3,0
CUST-20,23,83.56,0,0
CUST-21,46,103.34,2,0
CUST-22,72,110.17,0,0
CUST-23,26,68.89,3,0
CUST-24,68,60.56,5,0
CUST-25,32,38.4,1,0
CUST-26,45,64.54,5,0
CUST-27,7,75.84,4,0
CUST-28,24,68.01,5,0
CUST-29,16,62.27,2,0
CUST-30,27,99.41,0,0
CUST-31,29,66.99,4,0
CUST-32,27,98.4,0,0
CUST-33,35,29.33,2,0
CUST-34,51,119.35,2,0
CUST-35,18,63.46,0,0
CUST-36,69,92.6,5,0
CUST-37,35,94.22,5,0
CUST-38,71,26.95,4,0
CUST-39,3,70.54,0,0
CUST-40,55,88.05,0,0
CUST-41,65,111.64,5,0
CUST-42,20,33.58,4,0
CUST-43,37,73.94,5,0
CUST-44,35,74.24,0,0
CUST-45,71,22.25,0,0
CUST-46,14,88.07,0,0
CUST-47,39,27.19,1,0
CUST-48,12,68.12,5,0
CUST-49,33,22.77,5,0
CUST-50,71,34.26,3,0
CUST-51,43,100.2,5,0
CUST-52,8,26.57,4,0
CUST-53,14,67.27,5,0
CUST-54,51,92.84,1,0
CUST-55,44,68.31,2,0
CUST-56,17,117.46,5,0
CUST-57,68,92.33,5,0
CUST-58,7,76.61,4,0
CUST-59,59,50.07,4,0
CUST-60,62,118.6,5,0
CUST-61,30,31.42,4,0
CUST-62,42,20.77,3,0
CUST-63,22,83.0,0,0
CUST-64,33,102.99,0,0
CUST-65,3,25.5,2,1
CUST-66,61,26.16,1,0
CUST-67,71,40.06,3,0
CUST-68,66,52.84,0,0
CUST-69,46,94.57,3,0
CUST-70,32,20.73,5,0
CUST-71,39,113.23,3,0
CUST-72,19,48.67,2,0
CUST-73,19,27.5,0,0
CUST-74,67,33.32,2,0
CUST-75,18,95.44,3,0
CUST-76,54,82.74,3,0
CUST-77,34,47.09,5,0
CUST-78,33,60.61,4,0
CUST-79,39,45.56,0,0
CUST-80,43,72.77,5,0
CUST-81,22,86.79,5,0
CUST-82,44,43.46,2,0
CUST-83,68,26.69,4,0
CUST-84,28,61.05,2,0
CUST-85,35,52.34,4,0
CUST-86,60,55.55,3,0
CUST-87,38,57.63,4,0
CUST-88,41,27.56,4,0
CUST-89,57,24.06,2,0
CUST-90,62,79.26,0,0
CUST-91,16,56.84,0,0
CUST-92,10,36.98,5,0
CUST-93,28,94.83,2,0
CUST-94,69,33.23,4,0
CUST-95,34,86.0,1,0
CUST-96,45,50.92,2,0
CUST-97,32,53.56,4,0
CUST-98,31,115.36,4,0
CUST-99,22,44.75,5,0
CUST-100,2,40.06,5,0
CUST-101,24,83.9,3,0
CUST-102,43,47.69,5,0
CUST-103,40,115.56,5,0
CUST-104,48,53.0,2,0
CUST-105,5,37.71,3,0
CUST-106,69,44.91,4,0
CUST-107,42,83.04,2,0
CUST-108,33,118.5,1,0
CUST-109,27,35.47,2,0
CUST-110,15,107.04,4,0
CUST-111,5,64.62,1,0
CUST-112,6,37.69,1,0
CUST-113,48,67.57,3,0
CUST-114,15,43.35,3,0
CUST-115,13,69.66,1,0
CUST-116,11,98.57,1,1
CUST-117,7,76.44,2,0
CUST-118,26,24.3,2,0
CUST-119,24,51.37,3,0
CUST-120,2,68.14,2,0
CUST-121,56,33.43,1,0
CUST-122,58,95.34,0,0
CUST-123,70,75.95,1,0
CUST-124,63,101.79,1,0
CUST-125,56,30.26,3,0
CUST-126,9,28.39,3,1
CUST-127,61,63.79,0,0
CUST-128,29,104.84,0,0
CUST-129,49,91.73,2,0
CUST-130,51,33.97,1,0
CUST-131,46,75.15,5,0
CUST-132,42,36.26,3,0
CUST-133,40,52.8,4,0
CUST-134,66,40.2,0,0
CUST-135,7,107.59,1,0
CUST-136,1,109.85,4,1
CUST-137,33,39.46,2,1
CUST-138,3,105.09,3,1
CUST-139,53,75.45,2,0
CUST-140,27,59.59,5,0
CUST-141,4,71.63,1,0
CUST-142,8,95.87,3,0
CUST-143,44,74.95,5,0
CUST-144,67,30.68,2,0
CUST-145,7,100.33,4,0
CUST-146,2,88.15,5,0
CUST-147,33,39.04,3,0
CUST-148,54,110.54,1,0
CUST-149,59,111.95,5,0
CUST-150,65,39.35,2,0
CUST-151,25,88.85,3,0
CUST-152,36,79.66,5,0
CUST-153,28,33.32,3,0
CUST-154,16,73.42,2,0
CUST-155,22,62.94,1,1
CUST-156,46,41.35,1,0
CUST-157,22,27.61,3,0
CUST-158,11,59.64,0,0
CUST-159,66,50.57,1,0
CUST-160,42,93.1,3,0
CUST-161,29,77.07,5,0
CUST-162,34,70.5,3,0
CUST-163,6,72.35,2,0
CUST-164,11,78.38,5,0
CUST-165,18,113.88,0,0
CUST-166,45,96.79,5,0
CUST-167,11,69.21,2,0
CUST-168,54,25.9,4,0
CUST-169,31,38.58,3,0
CUST-170,23,57.09,5,0
CUST-171,56,56.2,5,0
CUST-172,26,98.77,4,0
CUST-173,35,60.75,4,0
CUST-174,66,25.35,1,0
CUST-175,55,39.36,4,0
CUST-176,33,63.26,4,0
CUST-177,15,107.9,1,0
CUST-178,53,82.61,3,0
CUST-179,44,43.19,3,0
CUST-180,59,100.13,0,0
CUST-181,28,53.86,4,0
CUST-182,18,25.1,3,0
CUST-183,56,107.69,0,0
CUST-184,24,108.76,0,0
CUST-185,50,27.22,5,0
CUST-186,31,67.86,3,0
CUST-187,21,43.15,3,0
CUST-188,35,70.63,4,0
CUST-189,10,101.79,4,0
CUST-190,48,112.61,5,0
CUST-191,61,29.76,3,0
CUST-192,37,89.71,0,0
CUST-193,39,112.2,3,0
CUST-194,43,20.96,4,0
CUST-195,39,28.25,3,0
CUST-196,47,96.5,0,0
CUST-197,25,23.66,3,0
CUST-198,24,70.75,3,0
CUST-199,10,97.91,2,0
CUST-200,60,115.8,4,0
CUST-201,13,50.23,4,0
CUST-202,5,110.26,1,0
CUST-203,59,24.19,5,0
CUST-204,13,84.46,0,0
CUST-205,62,106.86,3,0
CUST-206,27,91.2,2,0
CUST-207,58,29.86,3,0
CUST-208,58,79.64,0,0
CUST-209,28,99.46,5,0
CUST-210,22,94.95,1,0
CUST-211,52,45.39,4,0
CUST-212,19,77.19,2,0
CUST-213,1,64.92,4,0
CUST-214,5,39.5,0,0
CUST-215,24,20.15,5,0
CUST-216,50,31.21,4,0
CUST-217,72,48.4,4,1
CUST-218,16,78.04,3,0
CUST-219,28,98.92,1,0
CUST-220,15,54.49,2,0
CUST-221,37,36.64,5,0
CUST-222,72,68.74,3,0
CUST-223,43,40.64,3,0
CUST-224,40,98.39,0,0
CUST-225,25,57.82,1,0
CUST-226,67,90.74,5,0
CUST-227,1,115.91,2,1
CUST-228,52,78.36,3,0
CUST-229,31,104.48,0,0
CUST-230,36,54.42,5,0
CUST-231,41,72.28,1,0
CUST-232,23,113.91,2,0
CUST-233,28,111.98,4,0
CUST-234,65,112.59,0,0
CUST-235,32,48.58,3,0
CUST-236,64,74.03,5,0
CUST-237,31,38.23,4,0
CUST-238,10,39.06,5,0
CUST-239,36,84.86,3,0
CUST-240,57,86.33,1,0
CUST-241,68,78.72,1,0
CUST-242,2,65.51,2,0
CUST-243,64,56.2,0,0
CUST-244,27,53.42,2,0
CUST-245,72,81.65,3,0
CUST-246,30,84.4,0,0
CUST-247,51,27.53,2,0
CUST-248,48,21.75,1,0
CUST-249,48,50.47,2,0
CUST-250,36,102.26,0,0
CUST-251,36,35.88,2,0
CUST-252,21,48.96,0,0
CUST-253,50,52.48,0,1
CUST-254,11,26.46,1,0
CUST-255,67,78.51,1,0
CUST-256,41,83.63,4,0
CUST-257,50,105.26,5,0
CUST-258,20,30.64,5,0
CUST-259,23,103.16,2,0
CUST-260,24,54.17,1,0
CUST-261,9,92.8,0,0
CUST-262,46,96.92,4,0
CUST-263,44,25.88,0,1
CUST-264,52,86.98,0,0
CUST-265,8,30.06,1,0
CUST-266,48,87.99,2,0
CUST-267,34,28.27,2,0
CUST-268,4,95.14,5,1
CUST-269,66,63.75,2,0
CUST-270,48,111.65,3,0
CUST-271,24,45.89,5,0
CUST-272,38,104.6,2,0
CUST-273,66,41.2,2,0
CUST-274,68,115.23,5,0
CUST-275,38,92.74,1,0
CUST-276,37,102.94,3,0
CUST-277,65,46.36,5,0
CUST-278,47,72.07,4,0
CUST-279,24,81.61,2,0
CUST-280,68,73.8,3,0
CUST-281,6,89.05,0,0
CUST-282,8,20.25,1,0
CUST-283,47,117.98,0,0
CUST-284,16,83.31,2,0
CUST-285,67,54.52,3,0
CUST-286,46,44.85,5,0
CUST-287,29,63.55,0,0
CUST-288,11,22.91,3,0
CUST-289,30,64.22,3,0
CUST-290,55,74.33,1,1
CUST-291,65,110.04,4,0
CUST-292,1,107.89,1,0
CUST-293,8,41.93,5,0
CUST-294,1,93.68,0,0
CUST-295,5,43.01,0,0
CUST-296,46,112.76,1,1
CUST-297,23,79.15,0,0
CUST-298,14,115.73,4,0
CUST-299,62,84.86,1,0