event_id,region,category,channel
EVT-0,West,Gamma,Phone
EVT-1,North,Alpha,Store
EVT-2,South,Beta,Web
EVT-3,South,Alpha,Phone
EVT-4,North,Alpha,Web
EVT-5,East,Gamma,Phone
EVT-6,West,Gamma,Store
EVT-7,East,Beta,Web
EVT-8,East,Beta,Phone
EVT-9,South,Alpha,Phone
EVT-10,North,Gamma,Web
EVT-11,East,Beta,Web
EVT-12,East,Alpha,Store
EVT-13,West,Alpha,Store
EVT-14,West,Alpha,Web
EVT-15,South,Beta,Phone
EVT-16,South,Alpha,Web
EVT-17,West,Gamma,Web
EVT-18,East,Beta,Store
EVT-19,West,Gamma,Phone
EVT-20,South,Alpha,Store
EVT-21,West,Gamma,Phone
EVT-22,East,Gamma,Phone
EVT-23,North,Beta,Web
EVT-24,North,Alpha,Web
EVT-25,East,Beta,Phone
EVT-26,South,Beta,Web
EVT-27,East,Beta,Web
EVT-28,South,Gamma,Phone
EVT-29,North,Beta,Web
EVT-30,West,Alpha,Web
EVT-31,South,Gamma,Phone
EVT-32,North,Gamma,Phone
EVT-33,East,Gamma,Web
EVT-34,East,Alpha,Web
EVT-35,West,Beta,Web
EVT-36,South,Alpha,Store
EVT-37,West,Beta,Web
EVT-38,East,Gamma,Store
EVT-39,North,Beta,Store
EVT-40,East,Beta,Store
EVT-41,East,Gamma,Store
EVT-42,North,Beta,Store
EVT-43,South,Alpha,Phone
EVT-44,South,Alpha,Store
EVT-45,West,Gamma,Store
EVT-46,West,Alpha,Store
EVT-47,South,Beta,Phone
EVT-48,East,Alpha,Web
EVT-49,South,Gamma,Store
EVT-50,North,Gamma,Store
EVT-51,West,Gamma,Web
EVT-52,West,Beta,Web
EVT-53,South,Gamma,Store
EVT-54,North,Beta,Store
EVT-55,West,Alpha,Web
EVT-56,North,Beta,Phone
EVT-57,West,Beta,Phone
EVT-58,West,Alpha,Web
EVT-59,South,Gamma,Web
EVT-60,North,Beta,Store
EVT-61,North,Gamma,Phone
EVT-62,South,Gamma,Web
EVT-63,South,Alpha,Phone
EVT-64,North,Alpha,Web
EVT-65,North,Beta,Phone
EVT-66,North,Gamma,Store
EVT-67,West,Alpha,Store
EVT-68,South,Gamma,Phone
EVT-69,North,Beta,Phone
EVT-70,East,Gamma,Phone
EVT-71,East,Alpha,Web
EVT-72,South,Alpha,Web
EVT-73,North,Alpha,Web
EVT-74,South,Gamma,Web
EVT-75,South,Beta,Phone
EVT-76,East,Beta,Store
EVT-77,South,Gamma,Store
EVT-78,South,Beta,Store
EVT-79,West,Alpha,Phone
EVT-80,South,Beta,Web
EVT-81,East,Beta,Store
EVT-82,West,Beta,Store
EVT-83,West,Beta,Store
EVT-84,West,Beta,Web
EVT-85,East,Gamma,Web
EVT-86,East,Alpha,Store
EVT-87,South,Beta,Web
EVT-88,East,Alpha,Store
EVT-89,West,Beta,Web
EVT-90,East,Gamma,Phone
EVT-91,West,Alpha,Web
EVT-92,South,Gamma,Store
EVT-93,North,Alpha,Phone
EVT-94,South,Gamma,Phone
EVT-95,East,Gamma,Phone
EVT-96,East,Beta,Store
EVT-97,North,Gamma,Phone
EVT-98,North,Beta,Web
EVT-99,South,Gamma,Store
EVT-100,North,Beta,Web
EVT-101,North,Gamma,Store
EVT-102,North,Gamma,Web
EVT-103,East,Beta,Web
EVT-104,South,Beta,Store
EVT-105,North,Alpha,Phone
EVT-106,North,Beta,Web
EVT-107,North,Alpha,Web
EVT-108,East,Gamma,Store
EVT-109,North,Gamma,Store
EVT-110,West,Alpha,Phone
EVT-111,West,Alpha,Web
EVT-112,North,Beta,Web
EVT-113,North,Alpha,Phone
EVT-114,South,Gamma,Phone
EVT-115,West,Gamma,Phone
EVT-116,North,Beta,Store
EVT-117,South,Alpha,Phone
EVT-118,West,Alpha,Phone
EVT-119,South,Alpha,Web
