a,b,c,label
0.40397807494366633,0.20007544457494542,0.17880232058661227,0
0.1332444009175705,0.08657847531997409,0.7290310217668681,0
0.938376856028435,0.48927495777210683,0.4216392913626552,0
0.7926140122264572,0.7883161036221666,0.8223254188009489,0
0.15227653430017296,0.6605678959116411,0.8499671933570132,1
0.08296550770743982,0.7166800016814184,0.6773775203114268,0
0.469039047631463,0.40262272985764935,0.2693992149677271,0
0.42520599219027466,0.36253145329333814,0.9331351632945987,0
0.4620866814155502,0.9002422630643836,0.6055091281436417,0
0.35752492494240196,0.21582330727894172,0.9207642280693683,0
0.7475083082306319,0.44171461906595166,0.9248469694173939,0
0.9439105950534004,0.660299652636222,0.0370621689393551,0
0.17118722553347698,0.6838647113715712,0.41902310461670267,1
0.6320146999211527,0.1429115556911149,0.6173908785407837,1
0.32969768446546877,0.5234020829597882,0.20079441294051814,0
0.6404336706655858,0.4429727737425012,0.5454709261958871,0
0.3538085217874679,0.69499890861022,0.9221993912444836,0
0.738554081797074,0.7183635801052155,0.7789420317651429,0
0.6080345656068876,0.40829946193372413,0.09648324637647543,0
0.29597381632130637,0.9911215765598826,0.40987456698351676,0
0.8804306876731346,0.3191064653587874,0.49913353322420717,0
0.8461254183769125,0.11721327049930463,0.8223484632499709,0
0.6783246552377152,0.5012328422644308,0.011148494375441409,0
0.3374349491024178,0.37697427272126693,0.33675397800182627,1
0.38593998114813266,0.8136886162383602,0.5343678898562811,0
0.8795683610259928,0.9230361608639032,0.7216600169028449,1
0.7708216193614437,0.23020979994102386,0.8535820369000291,0
0.653363650440922,0.3106564142238253,0.874230151533199,1
0.21860395941133248,0.8092738964523832,0.6742967569203372,0
0.38355457258505177,0.4381253700815606,0.9590918725738456,1
0.4211091620013613,0.9076573346273045,0.06967664139830065,1
0.9072056538224801,0.8745930516764204,0.7882041594169913,0
0.9298307515383761,0.2568357544461036,0.8815788722849067,1
0.9681140978501545,0.8263195649609241,0.15941982181586956,1
0.6782424425955879,0.6042764623664822,0.9872924582560535,1
0.19447190597522646,0.3368470809421006,0.19765697676973482,0
0.6670613091833084,0.6943374894216752,0.9646474931423058,0
0.8913289581612603,0.667816826490006,0.7894925299291639,1
0.6571665884309464,0.7430161368299335,0.8662758820225303,0
0.408245845589827,0.8617523934359577,0.6565563261501537,0
0.11233215407771047,0.5317484379000805,0.001292463556678114,1
0.9499025022409894,0.9782999213602008,0.9904543695402119,1
0.9330915972985071,0.2639065366132328,0.8514521996596863,1
0.46802448153773835,0.531031054451888,0.6198037770976228,1
0.20028460576559837,0.020617760714431554,0.10515151773673803,1
0.0755714668371601,0.03196087450636853,0.05831227017024865,1
0.36922647037215983,0.5572287263452981,0.948312824300795,1
0.19400388566153803,0.10011149936780994,0.8637085616113196,1
0.3984465434346226,0.17225293267370678,0.46082229412389397,0
0.8778727883895011,0.9017676073800659,0.867924428360331,1
0.4181630429765799,0.9543315076458734,0.1788340610253749,1
0.20761151070578365,0.4631620986213062,0.8443459636700431,1
0.18366460373003324,0.9126767362426819,0.9981389826474598,1
0.6650121299138788,0.9804354986156922,0.5316635611621515,1
0.5231749193028582,0.11486734695543621,0.7962643913486888,0
0.33575091254101963,0.7337276041801314,0.569617947046679,1
0.6335075349510167,0.5829443508318469,0.4139388744647605,0
0.13615241339909212,0.9199942279419931,0.39726283428178466,0
0.3423897364090095,0.22995586361934062,0.755518967599836,0
0.8378338324955185,0.057506603714356674,0.7750309066304357,0
0.8053543283676925,0.11716733488933417,0.17183690721393696,1
0.6568380919483954,0.0706453961111676,0.9188069939482206,0
0.7018194522983013,0.6525985670086729,0.8152024487775004,0
0.7434240108570024,0.11356483939847284,0.12569995094144903,0
0.15019761432203005,0.08650852019402566,0.7591836341674111,1
0.16656385625830739,0.8708721681109169,0.7169421183433868,0
0.34009188989680106,0.05281153986665987,0.34240215129724216,1
0.18799022069175053,0.1795753966186182,0.11113584895853501,1
0.6429008019465257,0.5212413499555881,0.9297962264160624,0
0.3768368804217356,0.6821219235158016,0.09696634696993178,0
0.5667481679011059,0.7330033316681943,0.6024551978274898,0
0.8764360756968395,0.16143317427808712,0.8902987006200621,0
0.7740450907046129,0.3731159661188884,0.3133963539398952,0
0.5843440025786053,0.020380238448363786,0.9485898923786578,0
0.9436435029751775,0.8809559888068155,0.8096830811798776,1
0.2901023113996154,0.4924433710239562,0.8016192545913214,0
0.35374204191531644,0.6064797243740695,0.3173259261740806,1
0.6639908278506612,0.8054885777014971,0.968742564578107,1
0.813889192571299,0.6102726401883,0.5479763682987333,0
0.763700961046638,0.9388263172564977,0.7389491006698008,1
0.5122722589642752,0.9012417403961969,0.2278293756705121,1
0.9916408513082008,0.21216289134148658,0.6478060130760578,0
0.8435539496480029,0.09395650353067653,0.004318926971864756,0
0.8376548379811355,0.1317552544219075,0.9533665119092731,1
0.06127163014711301,0.8801588584080254,0.18323612645085285,1
0.14884657415166225,0.9326677966383932,0.03560040520860308,1
0.9369441493730405,0.9766592118609344,0.07402228687432566,0
0.34131822313864524,0.13208824752399162,0.9169276849346016,0
0.3695749975887114,0.15987873250708617,0.7336345581179995,1
0.20839857098064396,0.8547352410886954,0.436336648549031,0
0.9062287643599931,0.17357821117798844,0.47541760458165494,0
0.17237904549316418,0.6865010429660133,0.16784289219582849,0
0.23474000573534448,0.5244901942221455,0.687097577042808,1
0.39543022606054634,0.5614025374686888,0.2416218537874324,1
0.7671186742528504,0.33418906849396335,0.18908874017773603,0
0.943305030750036,0.43675781087691656,0.31519107661860746,0
0.6630408189658328,0.18511738827993363,0.9002277249330801,1
0.01013639999370386,0.530314447696003,0.19624001328417018,1
0.11407619833421356,0.3445690154227481,0.14229249728168636,1
0.5308561940519371,0.19811381736691192,0.05575513797662246,0
0.3549493195980774,0.14113633787830637,0.07831990595775373,1
0.01805947988358847,0.9413626441208699,0.8898488311116868,0
0.5383148502814716,0.7797972863470102,0.021536469675964898,0
0.21187780962973202,0.34356035009570884,0.2559193876425818,0
0.6450102999861742,0.43405549313101033,0.6574876266408518,0
0.6918752256335282,0.9726591462415167,0.3697654939977023,1
0.5583489453500557,0.3758460713004641,0.5592127211712902,1
0.32708071702774777,0.3448723167806831,0.11668838764184031,0
0.06442376174272069,0.03323055222411575,0.2670595521186495,0
0.2709811618648603,0.30681335643938135,0.6248665768139372,0
0.4422649120178509,0.4447039479166318,0.01685748697760303,1
0.07763641906319552,0.38342353792451167,0.737707518173014,1
0.49418580356662845,0.9418487169004868,0.8070392065044333,1
0.4258190527112711,0.9294813182547623,0.3208989687983219,0
0.6049727476661492,0.5345851847722626,0.871527342995478,0
0.9161359763632348,0.39837619494753185,0.20841353437394872,1
0.45377091126665026,0.49008368207879127,0.9961180582296617,0
0.6965246649074366,0.047554325782534934,0.08361425723315696,0
0.862451042309552,0.1923725934577466,0.8831920822188978,0
0.019591369639065048,0.7993423590095585,0.21806784870980445,0
0.012720070759161817,0.42971517764296907,0.9385704761651507,1
0.1831571671210641,0.13483609124237983,0.7739197067224823,1
0.9983152238818821,0.7056635202122579,0.1046833642554581,0
0.7517569841342996,0.3861529352650812,0.09628785459464673,1
0.9485993275522203,0.30388897843801144,0.8488736598692268,0
0.7529304271498813,0.7276100674542837,0.03512631914438247,0
0.25081257874863994,0.39115710652195723,0.88842396654753,1
0.21750625108212673,0.9968094368414453,0.769617278140858,1
0.828461955844438,0.2522826902576133,0.25295933808772586,0
0.45944708051703487,0.1490168585652476,0.3291185238241702,0
0.8019744120723877,0.22995351712147027,0.3550610736151799,0
0.22679495480496792,0.4350231869619754,0.14458287189090124,0
0.3377595001825551,0.7854055220903855,0.3995497791522751,0
0.010543848738759798,0.08842313606856866,0.4578989826638833,0
0.0047936230533016655,0.8693619961531385,0.08808363807711017,0
0.2987189232682209,0.11453232278376213,0.731395544542483,1
0.17323291172243682,0.5549714913711611,0.6411526217308404,0
0.6164179378119072,0.3236373515810229,0.9657110708766855,0
0.29777125570563723,0.3347780816550213,0.04281998010729704,1
0.4795210029353302,0.616544226925399,0.2182266067572477,0
0.043016632669146904,0.3250874183756096,0.9126675691702427,0
0.8508208037070873,0.8109661176744154,0.6280625576013502,1
0.7183573952034479,0.9605317947536345,0.6037363510396383,0
0.7284885981521958,0.8449463158756332,0.5339004867282705,0
0.016415362103965436,0.593490111410918,0.15281905329460221,1
0.045792125674344875,0.5339347520438139,0.9550360044361066,1
0.8340071615794563,0.1729879942057012,0.32890459666429483,0
0.7267042886406012,0.29558488006087713,0.6679560833279935,1
0.4236357450385617,0.6357119989214417,0.0402600852812639,0
0.47484606050705336,0.4287346070075254,0.5441101085006887,1
0.3726257651456998,0.6415295439417982,0.9222152037719576,1
0.10508875488106562,0.20377963767782525,0.7783162173013448,0
0.06311477915744179,0.6810325465992386,0.9190607592797749,1
0.3904401906834014,0.5934275257355949,0.5936048561649375,1
0.993972658613621,0.276134896336685,0.8951466316650363,0
0.6669908604531695,0.9815913054447087,0.12964629595842547,0
0.5481117629099618,0.5350436662305751,0.14241603200841324,1
0.5236303474933438,0.12833766836760108,0.30330644126394857,1
0.09247007100008964,0.96459432948844,0.029384120525764224,1
0.2284722363808971,0.6512297471336647,0.4997875159957602,1
0.2416704951188946,0.5074683352472443,0.03784438317168759,1
0.8112150713204658,0.06988830807298707,0.3550503668302415,0
0.9651332694513487,0.9269922971124299,0.3552783189399491,0
0.06463007640110963,0.8282106609352257,0.7243138382953453,0
0.4510373562763077,0.6432267690052127,0.762007374004722,1
0.6354941555726042,0.003123225395576079,0.7282017249216707,0
0.1556631102061209,0.6403179573373532,0.1844552150975981,0
0.9703092192193011,0.9167635724516185,0.5493149120929958,1
0.834327985411883,0.020839592592350464,0.8319091478163142,0
0.3015871424715,0.6252008455438943,0.6865237597314012,1
0.8484575627104533,0.9382128325084287,0.4982605260929698,0
0.2842346323570687,0.34861796868986994,0.8909017156782074,0
0.7874760801320547,0.5760245086509826,0.3728950957676086,0
0.6663142771639101,0.9561256891239608,0.263942503761903,1
0.4786099332633179,0.07936945847540278,0.7070877061222354,1
0.9580261007399357,0.3033215066747672,0.00011100289800303198,0
0.7703427894078195,0.030320761370359217,0.25010311031185184,0
0.9042674427802416,0.877071253618278,0.712153515526541,0
0.15942140317385967,0.8615837709783576,0.29975236397837124,1
0.39341767399365424,0.4010976713996396,0.884223314114952,1
0.7825971332633239,0.00604768958509827,0.5469444875691759,1
0.27762628149869417,0.8393633326987926,0.6298390650638703,0
0.32773603921227124,0.14107336618558464,0.6170792732257654,1
0.5547404413528982,0.5874641772609084,0.7955655675909715,1
0.21199625358087837,0.11771530504057437,0.6876451104638568,1
0.7731484355295214,0.5319700860695932,0.3284972829921363,0
0.7040392537741318,0.08949351477504841,0.9742719130865266,0
0.7947355954980829,0.3866871309034794,0.9720291364526465,1
0.9593260061283171,0.23007834956890194,0.08072093266657876,0
0.7247553173937104,0.08615704350562947,0.47072305813250803,0
0.7290843127364054,0.2618191125818131,0.3392358012918101,0
0.9560903175361021,0.6524104964447486,0.9924941482913304,1
0.5964539786592516,0.6440697195720388,0.31905567107357635,0
0.6229754233671703,0.14338104785393557,0.568710009562829,0
0.9550653955599775,0.991437207490102,0.46408110248512247,1
0.6866298654577343,0.48718984869833293,0.5957873113449362,1
0.6146505733131354,0.7790038443962171,0.4838949518908622,1
0.19275980533141446,0.34544573344161533,0.011598574973616271,1
0.8886964168145519,0.3143679933872293,0.059832235642549136,0
0.126391842051238,0.7833959096799271,0.9328974106137028,1