order_id,category,price,quantity,returned
ORD-0,cat0,103.91,2,True
ORD-1,cat1,124.5,1,False
ORD-2,cat2,31.01,5,False
ORD-3,cat3,37.3,5,True
ORD-4,cat0,26.82,5,False
ORD-5,cat1,72.26,1,False
ORD-6,cat2,135.76,1,True
ORD-7,cat3,79.79,5,False
ORD-8,cat0,133.11,5,False
ORD-9,cat1,45.9,2,True
ORD-10,cat2,192.88,5,False
ORD-11,cat3,284.84,5,False
ORD-12,cat0,179.81,1,True
ORD-13,cat1,293.11,1,False
ORD-14,cat2,171.43,2,False
ORD-15,cat3,93.99,2,True
ORD-16,cat0,166.8,5,False
ORD-17,cat1,99.46,2,False
ORD-18,cat2,39.89,5,True
ORD-19,cat3,195.28,3,False
ORD-20,cat0,38.25,1,False
ORD-21,cat1,173.67,5,True
ORD-22,cat2,69.73,5,False
ORD-23,cat3,134.0,3,False
ORD-24,cat0,145.02,4,True
ORD-25,cat1,114.86,2,False
ORD-26,cat2,240.37,2,False
ORD-27,cat3,33.74,3,True
ORD-28,cat0,162.31,3,False
ORD-29,cat1,221.54,3,False
ORD-30,cat2,186.6,1,True
ORD-31,cat3,44.24,4,False
ORD-32,cat0,57.84,3,False
ORD-33,cat1,54.08,4,True
ORD-34,cat2,132.29,1,False
ORD-35,cat3,231.73,5,False
ORD-36,cat0,238.84,3,True
ORD-37,cat1,108.64,3,False
ORD-38,cat2,182.37,5,False
ORD-39,cat3,241.1,1,True
ORD-40,cat0,253.59,3,False
ORD-41,cat1,147.49,1,False
ORD-42,cat2,27.59,3,True
ORD-43,cat3,197.67,4,False
ORD-44,cat0,92.53,4,False
ORD-45,cat1,267.24,3,True
ORD-46,cat2,16.54,4,False
ORD-47,cat3,113.08,5,False
ORD-48,cat0,43.96,1,True
ORD-49,cat1,73.28,3,False
ORD-50,cat2,47.51,2,False
ORD-51,cat3,125.39,4,True
ORD-52,cat0,33.37,4,False
ORD-53,cat1,126.48,3,False
ORD-54,cat2,266.18,4,True
ORD-55,cat3,260.56,3,False
ORD-56,cat0,214.86,3,False
ORD-57,cat1,207.99,4,True
ORD-58,cat2,287.74,2,False
ORD-59,cat3,34.07,2,False
ORD-60,cat0,77.27,2,True
ORD-61,cat1,13.5,5,False
ORD-62,cat2,62.88,3,False
ORD-63,cat3,11.19,4,True
ORD-64,cat0,165.03,5,False
ORD-65,cat1,174.24,2,False
ORD-66,cat2,210.24,5,True
ORD-67,cat3,285.56,1,False
ORD-68,cat0,142.43,5,False
ORD-69,cat1,123.79,4,True
ORD-70,cat2,124.29,4,False
ORD-71,cat3,193.94,1,False
ORD-72,cat0,65.28,2,True
ORD-73,cat1,137.78,1,False
ORD-74,cat2,108.62,1,False
ORD-75,cat3,39.69,5,True
ORD-76,cat0,53.87,1,False
ORD-77,cat1,285.2,5,False
ORD-78,cat2,17.4,2,True
ORD-79,cat3,188.08,2,False
ORD-80,cat0,193.98,3,False
ORD-81,cat1,184.66,4,True
ORD-82,cat2,45.62,4,False
ORD-83,cat3,298.0,4,False
ORD-84,cat0,149.31,3,True
ORD-85,cat1,34.91,1,False
ORD-86,cat2,227.41,3,False
ORD-87,cat3,148.8,2,True
ORD-88,cat0,159.74,2,False
ORD-89,cat1,285.79,5,False
ORD-90,cat2,114.91,5,True
ORD-91,cat3,275.1,5,False
ORD-92,cat0,96.45,1,False
ORD-93,cat1,211.9,3,True
ORD-94,cat2,160.34,2,False
ORD-95,cat3,113.15,2,False
ORD-96,cat0,164.45,5,True
ORD-97,cat1,105.6,2,False
ORD-98,cat2,187.84,2,False
ORD-99,cat3,243.76,4,True
ORD-100,cat0,224.56,2,False
ORD-101,cat1,67.98,4,False
ORD-102,cat2,113.11,1,True
ORD-103,cat3,296.99,3,False
ORD-104,cat0,146.95,2,False
ORD-105,cat1,210.83,3,True
ORD-106,cat2,139.7,3,False
ORD-107,cat3,286.95,3,False
ORD-108,cat0,33.36,1,True
ORD-109,cat1,75.79,2,False
ORD-110,cat2,107.94,4,False
ORD-111,cat3,190.98,5,True
ORD-112,cat0,253.73,4,False
ORD-113,cat1,273.67,3,False
ORD-114,cat2,241.9,1,True
ORD-115,cat3,252.05,1,False
ORD-116,cat0,273.84,2,False
ORD-117,cat1,148.63,2,True
ORD-118,cat2,135.84,3,False
ORD-119,cat3,35.16,4,False
ORD-120,cat0,144.32,1,True
ORD-121,cat1,220.19,2,False
ORD-122,cat2,298.0,1,False
ORD-123,cat3,53.83,4,True
ORD-124,cat0,243.89,2,False
ORD-125,cat1,187.36,5,False
ORD-126,cat2,294.29,3,True
ORD-127,cat3,55.21,5,False
ORD-128,cat0,47.99,1,False
ORD-129,cat1,241.81,1,True
ORD-130,cat2,162.71,2,False
ORD-131,cat3,135.8,2,False
ORD-132,cat0,249.59,2,True
ORD-133,cat1,18.12,2,False
ORD-134,cat2,94.96,2,False
ORD-135,cat3,231.47,3,True
ORD-136,cat0,85.22,4,False
ORD-137,cat1,251.92,1,False
ORD-138,cat2,273.9,3,True
ORD-139,cat3,270.33,5,False
ORD-140,cat0,246.36,5,False
ORD-141,cat1,131.98,5,True
ORD-142,cat2,47.92,2,False
ORD-143,cat3,161.82,1,False
ORD-144,cat0,263.11,2,True
ORD-145,cat1,186.48,2,False
ORD-146,cat2,59.98,4,False
ORD-147,cat3,189.54,1,True
ORD-148,cat0,171.38,3,False
ORD-149,cat1,207.88,5,False
ORD-150,cat2,171.08,1,True
ORD-151,cat3,266.14,1,False
ORD-152,cat0,82.06,3,False
ORD-153,cat1,22.24,1,True
ORD-154,cat2,157.24,5,False
ORD-155,cat3,18.08,1,False
ORD-156,cat0,138.54,5,True
ORD-157,cat1,292.27,5,False
ORD-158,cat2,158.53,3,False
ORD-159,cat3,141.18,5,True
ORD-160,cat0,244.14,5,False
ORD-161,cat1,283.04,5,False
ORD-162,cat2,264.2,3,True
ORD-163,cat3,277.61,2,False
ORD-164,cat0,253.6,2,False
ORD-165,cat1,130.82,4,True
ORD-166,cat2,138.21,1,False
ORD-167,cat3,204.64,4,False
ORD-168,cat0,31.21,3,True
ORD-169,cat1,237.34,2,False
ORD-170,cat2,282.46,3,False
ORD-171,cat3,51.46,2,True
ORD-172,cat0,290.59,2,False
ORD-173,cat1,226.54,1,False
ORD-174,cat2,125.49,4,True
ORD-175,cat3,57.21,2,False
ORD-176,cat0,56.83,4,False
ORD-177,cat1,298.28,4,True
ORD-178,cat2,108.34,2,False
ORD-179,cat3,113.42,1,False
ORD-180,cat0,219.42,1,True
ORD-181,cat1,108.01,4,False
ORD-182,cat2,137.73,1,False
ORD-183,cat3,121.46,5,True
ORD-184,cat0,190.94,5,False
ORD-185,cat1,288.62,1,False
ORD-186,cat2,295.67,2,True
ORD-187,cat3,291.79,1,False
ORD-188,cat0,34.38,3,False
ORD-189,cat1,21.48,2,True
ORD-190,cat2,88.43,2,False
ORD-191,cat3,247.74,3,False
ORD-192,cat0,127.72,5,True
ORD-193,cat1,276.56,5,False
ORD-194,cat2,153.44,3,False
ORD-195,cat3,35.94,1,True
ORD-196,cat0,241.88,2,False
ORD-197,cat1,133.34,1,False
ORD-198,cat2,87.99,1,True
ORD-199,cat3,193.99,3,False
ORD-200,cat0,34.29,2,False
ORD-201,cat1,29.32,1,True
ORD-202,cat2,141.59,3,False
ORD-203,cat3,298.35,4,False
ORD-204,cat0,278.73,3,True
ORD-205,cat1,190.29,1,False
ORD-206,cat2,162.81,2,False
ORD-207,cat3,282.06,2,True
ORD-208,cat0,85.95,2,False
ORD-209,cat1,68.51,3,False
ORD-210,cat2,192.31,5,True
ORD-211,cat3,230.25,3,False
ORD-212,cat0,139.25,2,False
ORD-213,cat1,88.45,1,True
ORD-214,cat2,298.4,1,False
ORD-215,cat3,14.45,5,False
ORD-216,cat0,169.8,2,True
ORD-217,cat1,159.13,2,False
ORD-218,cat2,281.05,1,False
ORD-219,cat3,200.91,4,True
ORD-220,cat0,200.39,5,False
ORD-221,cat1,252.04,4,False
ORD-222,cat2,291.39,3,True
ORD-223,cat3,209.45,2,False
ORD-224,cat0,109.38,2,False
ORD-225,cat1,127.36,3,True
ORD-226,cat2,294.75,2,False
ORD-227,cat3,14.13,3,False
ORD-228,cat0,134.91,1,True
ORD-229,cat1,34.5,4,False
ORD-230,cat2,262.46,3,False
ORD-231,cat3,183.65,3,True
ORD-232,cat0,23.12,2,False
ORD-233,cat1,55.68,4,False
ORD-234,cat2,11.05,3,True
ORD-235,cat3,288.92,5,False
ORD-236,cat0,103.82,1,False
ORD-237,cat1,290.04,3,True
ORD-238,cat2,73.18,2,False
ORD-239,cat3,10.31,4,False
ORD-240,cat0,34.33,3,True
ORD-241,cat1,155.8,2,False
ORD-242,cat2,81.97,1,False
ORD-243,cat3,36.35,1,True
ORD-244,cat0,51.72,5,False
ORD-245,cat1,22.08,1,False
ORD-246,cat2,96.9,2,True
ORD-247,cat3,34.5,5,False
ORD-248,cat0,257.44,2,False
ORD-249,cat1,200.69,5,True
ORD-250,cat2,122.96,3,False
ORD-251,cat3,219.0,4,False
ORD-252,cat0,53.34,5,True
ORD-253,cat1,196.53,1,False
ORD-254,cat2,249.21,5,False
ORD-255,cat3,191.93,5,True
ORD-256,cat0,50.4,5,False
ORD-257,cat1,228.33,5,False
ORD-258,cat2,252.13,1,True
ORD-259,cat3,249.66,5,False
ORD-260,cat0,241.41,2,False
ORD-261,cat1,34.68,1,True
ORD-262,cat2,48.6,3,False
ORD-263,cat3,288.26,4,False
ORD-264,cat0,252.39,5,True
ORD-265,cat1,24.73,1,False
ORD-266,cat2,191.61,2,False
ORD-267,cat3,151.9,1,True
ORD-268,cat0,142.52,1,False
ORD-269,cat1,227.0,5,False
ORD-270,cat2,270.38,1,True
ORD-271,cat3,201.2,1,False
ORD-272,cat0,226.26,4,False
ORD-273,cat1,83.14,1,True
ORD-274,cat2,255.38,2,False
ORD-275,cat3,221.51,2,False
ORD-276,cat0,76.91,4,True
ORD-277,cat1,153.25,4,False
ORD-278,cat2,32.25,3,False
ORD-279,cat3,232.42,5,True
ORD-280,cat0,193.51,2,False
ORD-281,cat1,32.47,2,False
ORD-282,cat2,106.21,3,True
ORD-283,cat3,190.13,2,False
ORD-284,cat0,13.62,1,False
ORD-285,cat1,150.88,1,True
ORD-286,cat2,210.73,4,False
ORD-287,cat3,94.35,5,False
ORD-288,cat0,92.81,4,True
ORD-289,cat1,145.24,1,False
ORD-290,cat2,298.06,5,False
ORD-291,cat3,67.78,1,True
ORD-292,cat0,281.51,1,False
ORD-293,cat1,93.98,1,False
ORD-294,cat2,247.77,4,True
ORD-295,cat3,298.25,4,False
ORD-296,cat0,70.85,2,False
ORD-297,cat1,31.64,1,True
ORD-298,cat2,51.1,5,False
ORD-299,cat3,85.92,3,False
