customer_id,age,monthly_spend,purchase_frequency,churn
CID-2000,38,474.45,12,0
CID-2001,59,33.66,17,0
CID-2002,24,189.19,1,0
CID-2003,50,115.2,2,1
CID-2004,45,214.9,7,0
CID-2005,23,280.01,1,0
CID-2006,70,287.07,7,0
CID-2007,58,317.44,1,0
CID-2008,54,296.92,1,0
CID-2009,32,32.83,4,1
CID-2010,36,215.38,17,0
CID-2011,25,289.75,17,0
CID-2012,70,344.18,3,0
CID-2013,55,289.89,6,0
CID-2014,41,57.74,2,1
CID-2015,54,39.2,6,0
CID-2016,49,343.4,13,0
CID-2017,67,163.93,18,0
CID-2018,47,187.18,7,0
CID-2019,68,98.09,7,0
CID-2020,23,291.47,16,0
CID-2021,49,438.82,14,0
CID-2022,36,308.39,2,0
CID-2023,25,260.85,5,0
CID-2024,66,177.61,15,0
CID-2025,44,29.21,2,1
CID-2026,66,283.46,10,0
CID-2027,39,350.69,19,0
CID-2028,49,294.15,14,0
CID-2029,22,421.58,8,0
CID-2030,48,351.55,2,0
CID-2031,21,368.27,9,0
CID-2032,59,293.19,14,0
CID-2033,36,361.15,11,0
CID-2034,19,470.92,11,0
CID-2035,28,309.35,15,0
CID-2036,21,116.92,9,0
CID-2037,26,371.8,12,0
CID-2038,43,459.24,15,0
CID-2039,23,91.52,12,0
CID-2040,53,146.14,4,1
CID-2041,70,220.96,17,0
CID-2042,35,356.13,11,0
CID-2043,61,443.25,7,0
CID-2044,27,50.66,4,1
CID-2045,32,332.67,0,0
CID-2046,49,417.24,5,0
CID-2047,34,148.15,4,1
CID-2048,44,271.95,19,0
CID-2049,54,166.12,4,0
CID-2050,62,431.01,19,0
CID-2051,59,341.34,1,0
CID-2052,47,450.77,17,0
CID-2053,43,205.05,12,0
CID-2054,24,245.95,12,0
CID-2055,21,103.4,6,0
CID-2056,46,89.53,10,0
CID-2057,56,35.76,0,1
CID-2058,54,84.12,3,1
CID-2059,41,310.73,2,0
CID-2060,31,310.89,4,0
CID-2061,58,133.61,11,0
CID-2062,56,188.44,3,0
CID-2063,25,425.98,14,0
CID-2064,48,247.08,2,0
CID-2065,27,60.07,10,0
CID-2066,65,139.73,5,0
CID-2067,51,21.32,16,0
CID-2068,41,81.84,17,0
CID-2069,19,381.49,9,0
CID-2070,59,433.03,8,0
CID-2071,51,189.68,5,0
CID-2072,40,388.25,17,0
CID-2073,52,391.74,10,0
CID-2074,58,119.29,6,0
CID-2075,69,127.3,12,0
CID-2076,65,403.63,6,0
CID-2077,51,251.46,0,0
CID-2078,19,397.16,15,0
CID-2079,34,104.89,19,0
CID-2080,40,229.14,11,0
CID-2081,41,49.46,3,1
CID-2082,32,240.34,10,0
CID-2083,31,246.5,19,0
CID-2084,18,244.94,20,0
CID-2085,40,401.83,2,0
CID-2086,60,68.75,12,0
CID-2087,68,358.63,6,0
CID-2088,48,445.62,13,0
CID-2089,68,321.56,2,0
CID-2090,69,473.62,12,0
CID-2091,47,206.68,2,0
CID-2092,64,87.84,4,1
CID-2093,19,84.06,14,0
CID-2094,69,331.37,19,0
CID-2095,70,301.98,15,0
CID-2096,60,469.36,4,0
CID-2097,53,278.66,0,0
CID-2098,18,401.68,20,0
CID-2099,24,268.02,4,0
CID-2100,45,493.41,6,0
CID-2101,70,438.21,0,0
CID-2102,34,114.26,16,0
CID-2103,33,384.2,10,0
CID-2104,34,276.73,4,0
CID-2105,21,455.91,11,0
CID-2106,47,334.61,16,0
CID-2107,44,415.3,16,0
CID-2108,26,270.59,16,0
CID-2109,50,19.17,14,0
CID-2110,67,99.72,0,1
CID-2111,67,401.59,5,0
CID-2112,27,242.01,3,0
CID-2113,53,40.26,16,0
CID-2114,51,282.17,3,0
CID-2115,53,37.84,6,0
CID-2116,35,30.68,3,1
CID-2117,50,231.57,0,0
CID-2118,66,448.07,2,0
CID-2119,46,169.55,16,0